<environmentvariabledefinition schemaname="ppf_ControlledDocumentsLibrary">
  <apiid>/providers/microsoft.powerapps/apis/shared_sharepointonline</apiid>
  <description default="ControlledDocumentsLibrary">
    <label description="ControlledDocumentsLibrary" languagecode="1033" />
  </description>
  <displayname default="ControlledDocumentsLibrary">
    <label description="ControlledDocumentsLibrary" languagecode="1033" />
  </displayname>
  <introducedversion>1.0.0.0</introducedversion>
  <iscustomizable>1</iscustomizable>
  <isrequired>0</isrequired>
  <parameterkey>table</parameterkey>
  <parentdefinitionid>
    <schemaname>ppf_ControlledDocumentsSite</schemaname>
  </parentdefinitionid>
  <secretstore>0</secretstore>
  <type>100000004</type>
</environmentvariabledefinition>