<ImportExportXml version="9.2.24071.180" SolutionPackageVersion="9.2" languagecode="1033" generatedBy="CrmLive" xmlns:xsi="http://www.w3.org/2001/XMLSchema-instance">
  <SolutionManifest>
    <UniqueName>PPFControlledDocuments</UniqueName>
    <LocalizedNames>
      <LocalizedName description="PPF Controlled Documents" languagecode="1033" />
    </LocalizedNames>
    <Descriptions />
    <Version>1.0.0.1</Version>
    <Managed>0</Managed>
    <Publisher>
      <UniqueName>ppf</UniqueName>
      <LocalizedNames>
        <LocalizedName description="PPF" languagecode="1033" />
      </LocalizedNames>
      <Descriptions />
      <EMailAddress xsi:nil="true"></EMailAddress>
      <SupportingWebsiteUrl xsi:nil="true"></SupportingWebsiteUrl>
      <CustomizationPrefix>ppf</CustomizationPrefix>
      <CustomizationOptionValuePrefix>89430</CustomizationOptionValuePrefix>
      <Addresses>
        <Address>
          <AddressNumber>1</AddressNumber>
          <AddressTypeCode>1</AddressTypeCode>
          <City xsi:nil="true"></City>
          <County xsi:nil="true"></County>
          <Country xsi:nil="true"></Country>
          <Fax xsi:nil="true"></Fax>
          <FreightTermsCode xsi:nil="true"></FreightTermsCode>
          <ImportSequenceNumber xsi:nil="true"></ImportSequenceNumber>
          <Latitude xsi:nil="true"></Latitude>
          <Line1 xsi:nil="true"></Line1>
          <Line2 xsi:nil="true"></Line2>
          <Line3 xsi:nil="true"></Line3>
          <Longitude xsi:nil="true"></Longitude>
          <Name xsi:nil="true"></Name>
          <PostalCode xsi:nil="true"></PostalCode>
          <PostOfficeBox xsi:nil="true"></PostOfficeBox>
          <PrimaryContactName xsi:nil="true"></PrimaryContactName>
          <ShippingMethodCode>1</ShippingMethodCode>
          <StateOrProvince xsi:nil="true"></StateOrProvince>
          <Telephone1 xsi:nil="true"></Telephone1>
          <Telephone2 xsi:nil="true"></Telephone2>
          <Telephone3 xsi:nil="true"></Telephone3>
          <TimeZoneRuleVersionNumber xsi:nil="true"></TimeZoneRuleVersionNumber>
          <UPSZone xsi:nil="true"></UPSZone>
          <UTCOffset xsi:nil="true"></UTCOffset>
          <UTCConversionTimeZoneCode xsi:nil="true"></UTCConversionTimeZoneCode>
        </Address>
        <Address>
          <AddressNumber>2</AddressNumber>
          <AddressTypeCode>1</AddressTypeCode>
          <City xsi:nil="true"></City>
          <County xsi:nil="true"></County>
          <Country xsi:nil="true"></Country>
          <Fax xsi:nil="true"></Fax>
          <FreightTermsCode xsi:nil="true"></FreightTermsCode>
          <ImportSequenceNumber xsi:nil="true"></ImportSequenceNumber>
          <Latitude xsi:nil="true"></Latitude>
          <Line1 xsi:nil="true"></Line1>
          <Line2 xsi:nil="true"></Line2>
          <Line3 xsi:nil="true"></Line3>
          <Longitude xsi:nil="true"></Longitude>
          <Name xsi:nil="true"></Name>
          <PostalCode xsi:nil="true"></PostalCode>
          <PostOfficeBox xsi:nil="true"></PostOfficeBox>
          <PrimaryContactName xsi:nil="true"></PrimaryContactName>
          <ShippingMethodCode>1</ShippingMethodCode>
          <StateOrProvince xsi:nil="true"></StateOrProvince>
          <Telephone1 xsi:nil="true"></Telephone1>
          <Telephone2 xsi:nil="true"></Telephone2>
          <Telephone3 xsi:nil="true"></Telephone3>
          <TimeZoneRuleVersionNumber xsi:nil="true"></TimeZoneRuleVersionNumber>
          <UPSZone xsi:nil="true"></UPSZone>
          <UTCOffset xsi:nil="true"></UTCOffset>
          <UTCConversionTimeZoneCode xsi:nil="true"></UTCConversionTimeZoneCode>
        </Address>
      </Addresses>
    </Publisher>
    <RootComponents>
      <RootComponent type="29" id="{7adc55e8-bd7c-ee11-8179-002248c6b301}" behavior="0" />
      <RootComponent type="29" id="{7cdc55e8-bd7c-ee11-8179-002248c6b301}" behavior="0" />
      <RootComponent type="29" id="{83a2166a-c542-ef11-a316-6045bd0b3369}" behavior="0" />
      <RootComponent type="29" id="{c18d3e7a-067e-ee11-8178-002248c6b301}" behavior="0" />
      <RootComponent type="29" id="{d26a31e5-647d-ee11-8179-002248c6b301}" behavior="0" />
    </RootComponents>
    <MissingDependencies>
      <MissingDependency>
        <Required type="1" schemaName="msdyn_flow_approval" displayName="Approval" solution="msdyn_FlowApprovalsCore (2.0.4.8)">
          <package>msdyn_FlowApprovals (2.0.4.8)</package>
        </Required>
        <Dependent type="29" displayName="Controlled Documents -  Send for approval " id="{7cdc55e8-bd7c-ee11-8179-002248c6b301}" />
      </MissingDependency>
      <MissingDependency>
        <Required type="1" schemaName="msdyn_flow_approval" displayName="Approval" solution="msdyn_FlowApprovalsCore (2.0.4.8)">
          <package>msdyn_FlowApprovals (2.0.4.8)</package>
        </Required>
        <Dependent type="29" displayName="Controlled Documents - Approval" id="{83a2166a-c542-ef11-a316-6045bd0b3369}" />
      </MissingDependency>
      <MissingDependency>
        <Required type="connectionreference" displayName="ppf_ConligoDataverse" solution="PPFConligo (1.1.0.1)" id.connectionreferencelogicalname="ppf_ConligoDataverse" />
        <Dependent type="29" displayName="Controlled Documents -  Send for approval " id="{7cdc55e8-bd7c-ee11-8179-002248c6b301}" />
      </MissingDependency>
    </MissingDependencies>
  </SolutionManifest>
</ImportExportXml>