{
  "properties": {
    "connectionReferences": {
      "shared_sharepointonline": {
        "runtimeSource": "invoker",
        "connection": {
          "connectionReferenceLogicalName": "ppf_sharedsharepointonline_2400a"
        },
        "api": {
          "name": "shared_sharepointonline"
        }
      },
      "shared_approvals": {
        "runtimeSource": "invoker",
        "connection": {
          "connectionReferenceLogicalName": "ppf_sharedapprovals_52176"
        },
        "api": {
          "name": "shared_approvals"
        }
      },
      "shared_office365": {
        "runtimeSource": "invoker",
        "connection": {
          "connectionReferenceLogicalName": "ppf_sharedoffice365_581f9"
        },
        "api": {
          "name": "shared_office365"
        }
      },
      "shared_encodiandocumentmanager": {
        "runtimeSource": "invoker",
        "connection": {
          "connectionReferenceLogicalName": "ppf_sharedencodiandocumentmanager_60518"
        },
        "api": {
          "name": "shared_encodiandocumentmanager"
        }
      },
      "shared_commondataserviceforapps": {
        "runtimeSource": "embedded",
        "connection": {
          "connectionReferenceLogicalName": "ppf_sharedcommondataserviceforapps_38d11"
        },
        "api": {
          "name": "shared_commondataserviceforapps"
        }
      }
    },
    "definition": {
      "$schema": "https://schema.management.azure.com/providers/Microsoft.Logic/schemas/2016-06-01/workflowdefinition.json#",
      "contentVersion": "1.0.0.0",
      "parameters": {
        "$connections": {
          "defaultValue": {},
          "type": "Object"
        },
        "$authentication": {
          "defaultValue": {},
          "type": "SecureObject"
        }
      },
      "triggers": {
        "manual": {
          "splitOn": "@triggerBody()['rows']",
          "metadata": {
            "operationMetadataId": "138cc40d-923c-4665-84cc-a6def37eed4b"
          },
          "type": "Request",
          "kind": "ApiConnection",
          "inputs": {
            "schema": {
              "type": "object",
              "properties": {},
              "required": []
            },
            "host": {
              "connection": {
                "name": "@parameters('$connections')['shared_sharepointonline']['connectionId']"
              }
            },
            "operationId": "ForASelectedFileHybridTrigger",
            "parameters": {
              "dataset": "https://ppfonline.sharepoint.com/teams/d-team-playground",
              "table": "24b0a33d-c02f-4f47-94e9-b81764ac583a"
            }
          }
        }
      },
      "actions": {
        "Initialize_RespondLink": {
          "runAfter": {
            "Initialize_Approval_ID": [
              "Succeeded"
            ]
          },
          "metadata": {
            "operationMetadataId": "7f41e2f0-3bf4-4992-b492-a9c69bf5049f"
          },
          "type": "InitializeVariable",
          "inputs": {
            "variables": [
              {
                "name": "RespondLink",
                "type": "string"
              }
            ]
          }
        },
        "Initialize_Approval_ID": {
          "runAfter": {
            "Initialize_ReminderCount": [
              "Succeeded"
            ]
          },
          "metadata": {
            "operationMetadataId": "a2c32668-4650-4f95-8cd8-6046a2ae4ffb"
          },
          "type": "InitializeVariable",
          "inputs": {
            "variables": [
              {
                "name": "ApprovalID",
                "type": "string"
              }
            ]
          }
        },
        "Initialize_ReminderCount": {
          "runAfter": {
            "Initialize_varApprovalComplete": [
              "Succeeded"
            ]
          },
          "metadata": {
            "operationMetadataId": "cab3a04c-0d66-4054-91c4-5a49d5f5730d"
          },
          "type": "InitializeVariable",
          "inputs": {
            "variables": [
              {
                "name": "ReminderCount",
                "type": "integer",
                "value": 1
              }
            ]
          }
        },
        "Initialize_varApprovalComplete": {
          "runAfter": {
            "Initialize_errorDetails": [
              "Succeeded"
            ]
          },
          "metadata": {
            "operationMetadataId": "3e28f1c4-45b6-4708-ac80-210ab99e0800"
          },
          "type": "InitializeVariable",
          "inputs": {
            "variables": [
              {
                "name": "varApprovalComplete",
                "type": "boolean",
                "value": "@false"
              }
            ]
          },
          "description": "Initializing the variable that gets changed to \"true\" when the SharePoint Library item has been successfully updated after approval"
        },
        "Initialize_errorDetails": {
          "runAfter": {},
          "metadata": {
            "operationMetadataId": "9bedf914-3949-45cc-b0c0-7742f44d4bc7"
          },
          "type": "InitializeVariable",
          "inputs": {
            "variables": [
              {
                "name": "errorDetails",
                "type": "string"
              }
            ]
          }
        },
        "Try": {
          "actions": {
            "Get_file_properties": {
              "runAfter": {},
              "metadata": {
                "operationMetadataId": "745dc295-a2f8-4c67-908e-ec5d8c322404",
                "flowSystemMetadata": {
                  "swaggerOperationId": "GetFileItem"
                }
              },
              "type": "ApiConnection",
              "inputs": {
                "host": {
                  "connection": {
                    "name": "@json(decodeBase64(triggerOutputs().headers['X-MS-APIM-Tokens']))['$connections']['shared_sharepointonline']['connectionId']"
                  }
                },
                "method": "get",
                "path": "/datasets/@{encodeURIComponent(encodeURIComponent('https://ppfonline.sharepoint.com/teams/d-team-playground'))}/tables/@{encodeURIComponent(encodeURIComponent('24b0a33d-c02f-4f47-94e9-b81764ac583a'))}/items/@{encodeURIComponent(triggerBody()?['entity']?['ID'])}/getfileitem",
                "authentication": {
                  "type": "Raw",
                  "value": "@json(decodeBase64(triggerOutputs().headers['X-MS-APIM-Tokens']))['$ConnectionKey']"
                }
              }
            },
            "Start_Approval_and_update_status": {
              "actions": {
                "Condition_File_not_found": {
                  "actions": {
                    "Set_varApprovalComplete_to_false": {
                      "runAfter": {},
                      "metadata": {
                        "operationMetadataId": "7ffb3baf-a17b-405c-a8ee-ecba3441ca51"
                      },
                      "type": "SetVariable",
                      "inputs": {
                        "name": "varApprovalComplete",
                        "value": "@false"
                      }
                    },
                    "Set_approvalId": {
                      "runAfter": {
                        "Create_an_approval": [
                          "Succeeded"
                        ]
                      },
                      "metadata": {
                        "operationMetadataId": "56298e83-d7b0-4a85-85ac-9769e50cb2e6"
                      },
                      "type": "SetVariable",
                      "inputs": {
                        "name": "ApprovalID",
                        "value": "@body('Create_an_approval')?['name']"
                      }
                    },
                    "Create_an_approval": {
                      "runAfter": {
                        "Join_emails_of_reviewers": [
                          "Succeeded"
                        ]
                      },
                      "limit": {
                        "timeout": "PT1M"
                      },
                      "metadata": {
                        "operationMetadataId": "87ec14ef-1a14-404a-ae74-92fed85c1dd2",
                        "flowSystemMetadata": {
                          "swaggerOperationId": "CreateAnApproval"
                        }
                      },
                      "type": "ApiConnection",
                      "inputs": {
                        "host": {
                          "connection": {
                            "name": "@json(decodeBase64(triggerOutputs().headers['X-MS-APIM-Tokens']))['$connections']['shared_approvals']['connectionId']"
                          }
                        },
                        "method": "post",
                        "body": {
                          "title": "Approve changes within the file",
                          "assignedTo": "@{body('Join_emails_of_approvers')};SRV_P_TNCS@PPF.CO.UK",
                          "details": "Please review the document and marked as approved.",
                          "itemLink": "@triggerBody()?['entity']?['itemUrl']",
                          "enableNotifications": true,
                          "enableReassignment": true
                        },
                        "path": "/types/@{encodeURIComponent('Basic')}",
                        "authentication": {
                          "type": "Raw",
                          "value": "@json(decodeBase64(triggerOutputs().headers['X-MS-APIM-Tokens']))['$ConnectionKey']"
                        }
                      }
                    },
                    "Compose_approvers": {
                      "runAfter": {
                        "Set_varApprovalComplete_to_false": [
                          "Succeeded"
                        ]
                      },
                      "metadata": {
                        "operationMetadataId": "0e4e666c-d603-4bab-b350-5e32a1f49bf7"
                      },
                      "type": "Compose",
                      "inputs": "@body('Get_file_properties')?['Approver']"
                    },
                    "Select_email_of_approvers": {
                      "runAfter": {
                        "Compose_approvers": [
                          "Succeeded"
                        ]
                      },
                      "metadata": {
                        "operationMetadataId": "6574a966-4f6c-4a28-a352-1dd3bb5f83d4"
                      },
                      "type": "Select",
                      "inputs": {
                        "from": "@outputs('Compose_approvers')",
                        "select": "@item()?['Email']"
                      }
                    },
                    "Join_emails_of_approvers": {
                      "runAfter": {
                        "Select_email_of_approvers": [
                          "Succeeded"
                        ]
                      },
                      "metadata": {
                        "operationMetadataId": "6e6339fa-a405-41a4-83d5-1c74822f62e1"
                      },
                      "type": "Join",
                      "inputs": {
                        "from": "@body('Select_email_of_approvers')",
                        "joinWith": ";"
                      }
                    },
                    "Set_respondlink": {
                      "runAfter": {
                        "Set_approvalId": [
                          "Succeeded"
                        ]
                      },
                      "metadata": {
                        "operationMetadataId": "7e85f3d7-7cf9-4262-bf83-4a5713458f57"
                      },
                      "type": "SetVariable",
                      "inputs": {
                        "name": "RespondLink",
                        "value": "@body('Create_an_approval')?['respondLink']"
                      }
                    },
                    "Update_Status_to_Pending_Approval": {
                      "runAfter": {
                        "Set_respondlink": [
                          "Succeeded"
                        ]
                      },
                      "metadata": {
                        "operationMetadataId": "7dd1c2be-cba0-4917-8384-d8541fe7dbea",
                        "flowSystemMetadata": {
                          "swaggerOperationId": "HttpRequest"
                        }
                      },
                      "type": "ApiConnection",
                      "inputs": {
                        "host": {
                          "connection": {
                            "name": "@json(decodeBase64(triggerOutputs().headers['X-MS-APIM-Tokens']))['$connections']['shared_sharepointonline']['connectionId']"
                          }
                        },
                        "method": "post",
                        "body": {
                          "method": "POST",
                          "uri": "_api/web/lists/getbytitle('Controlled Documents')/items(@{triggerBody()?['entity']?['ID']})/validateUpdateListItem()",
                          "headers": {
                            "accept": "application/json; odata=verbose",
                            "Content-Type": "application/json; odata=verbose"
                          },
                          "body": "{\n\"formValues\":[{ \"FieldName\": \"ApprovalStatus\", \"FieldValue\": \"Pending Approval\" },{ \"FieldName\": \"LastReviewDate\", \"FieldValue\":\"@{formatDateTime(utcNow(), 'dd-MM-yyyy')}\"},\n{\"FieldName\": \"Editor\",\n \"FieldValue\":\"[{'Key':'@{body('Get_file_properties')?['Editor']?['Claims']}'}]\"}\n],\n \"bNewDocumentUpdate\":false\n}"
                        },
                        "path": "/datasets/@{encodeURIComponent(encodeURIComponent('https://ppfonline.sharepoint.com/teams/d-team-playground'))}/httprequest",
                        "authentication": {
                          "type": "Raw",
                          "value": "@json(decodeBase64(triggerOutputs().headers['X-MS-APIM-Tokens']))['$ConnectionKey']"
                        }
                      }
                    },
                    "Send_reminder_every_7_days_until_approval_is_complete_2": {
                      "actions": {
                        "Condition_to_send_reminders": {
                          "actions": {
                            "Send_up_to_4_reminders": {
                              "actions": {
                                "Last_reminder_to_approvers_:_Send_an_email_(V2)_to_approvers_": {
                                  "runAfter": {},
                                  "metadata": {
                                    "operationMetadataId": "fa7447e5-0d01-4b1a-aae9-e3116a17e78f"
                                  },
                                  "type": "OpenApiConnection",
                                  "inputs": {
                                    "host": {
                                      "connectionName": "shared_office365",
                                      "operationId": "SendEmailV2",
                                      "apiId": "/providers/Microsoft.PowerApps/apis/shared_office365"
                                    },
                                    "parameters": {
                                      "emailMessage/To": "@body('Join_emails_of_approvers')",
                                      "emailMessage/Subject": "Last reminder :Please approve document",
                                      "emailMessage/Body": "<p>Hi</br>\nPlease complete approval within 4 days. It will expire  in 4 days </br>\n<a href=\"@{variables('RespondLink')}\">Complete Approval</a>\n</p>\n</head></html>",
                                      "emailMessage/Importance": "Normal"
                                    },
                                    "authentication": {
                                      "type": "Raw",
                                      "value": "@json(decodeBase64(triggerOutputs().headers['X-MS-APIM-Tokens']))['$ConnectionKey']"
                                    }
                                  }
                                },
                                "Increment_reminder_count_2": {
                                  "runAfter": {
                                    "Last_reminder_to_approvers_:_Send_an_email_(V2)_to_approvers_": [
                                      "Succeeded"
                                    ]
                                  },
                                  "metadata": {
                                    "operationMetadataId": "edf8830b-6fc8-49ba-932f-7da34cde78dc"
                                  },
                                  "type": "IncrementVariable",
                                  "inputs": {
                                    "name": "ReminderCount",
                                    "value": 1
                                  }
                                },
                                "Set_variable": {
                                  "runAfter": {
                                    "Increment_reminder_count_2": [
                                      "Succeeded"
                                    ]
                                  },
                                  "metadata": {
                                    "operationMetadataId": "23ae118a-4da0-4a79-bd0b-cef3feb106db"
                                  },
                                  "type": "SetVariable",
                                  "inputs": {
                                    "name": "varApprovalComplete",
                                    "value": "@true"
                                  }
                                }
                              },
                              "runAfter": {},
                              "else": {
                                "actions": {
                                  "Send_an_email_(V2)": {
                                    "runAfter": {},
                                    "metadata": {
                                      "operationMetadataId": "ea265e6e-6a48-4c43-af86-8564c62daae5",
                                      "flowSystemMetadata": {
                                        "swaggerOperationId": "SendEmailV2"
                                      }
                                    },
                                    "type": "ApiConnection",
                                    "inputs": {
                                      "host": {
                                        "connection": {
                                          "name": "@json(decodeBase64(triggerOutputs().headers['X-MS-APIM-Tokens']))['$connections']['shared_office365']['connectionId']"
                                        }
                                      },
                                      "method": "post",
                                      "body": {
                                        "To": "@{body('Join_emails_of_approvers')}",
                                        "Subject": "@{variables('ReminderCount')} reminder : Please approve document",
                                        "Body": "<p>Hi</br>\nPlease complete approval </br>\n<a href=\"@{variables('RespondLink')}\">Complete Approval</a>\n</p>\n</head></html>",
                                        "Importance": "Normal"
                                      },
                                      "path": "/v2/Mail",
                                      "authentication": {
                                        "type": "Raw",
                                        "value": "@json(decodeBase64(triggerOutputs().headers['X-MS-APIM-Tokens']))['$ConnectionKey']"
                                      }
                                    }
                                  },
                                  "Increment_reminder_count": {
                                    "runAfter": {
                                      "Send_an_email_(V2)": [
                                        "Succeeded"
                                      ]
                                    },
                                    "metadata": {
                                      "operationMetadataId": "edf8830b-6fc8-49ba-932f-7da34cde78dc"
                                    },
                                    "type": "IncrementVariable",
                                    "inputs": {
                                      "name": "ReminderCount",
                                      "value": 1
                                    }
                                  }
                                }
                              },
                              "expression": {
                                "equals": [
                                  "@variables('ReminderCount')",
                                  4
                                ]
                              },
                              "metadata": {
                                "operationMetadataId": "83507af1-b633-4fa1-81f5-850bb2fb4083"
                              },
                              "type": "If"
                            }
                          },
                          "runAfter": {
                            "Wait_for_an_approval_2": [
                              "TimedOut"
                            ]
                          },
                          "expression": {
                            "equals": [
                              "@variables('varApprovalComplete')",
                              false
                            ]
                          },
                          "metadata": {
                            "operationMetadataId": "6debfc1e-4aaa-4b1f-af40-b67d01f7e19f"
                          },
                          "type": "If"
                        },
                        "Wait_for_an_approval_2": {
                          "runAfter": {},
                          "limit": {
                            "timeout": "PT1M"
                          },
                          "metadata": {
                            "operationMetadataId": "c6e3bfc8-b0b0-4f14-9e0a-a8315c3ab41a",
                            "flowSystemMetadata": {
                              "swaggerOperationId": "WaitForAnApproval"
                            }
                          },
                          "type": "ApiConnectionWebhook",
                          "inputs": {
                            "host": {
                              "connection": {
                                "name": "@json(decodeBase64(triggerOutputs().headers['X-MS-APIM-Tokens']))['$connections']['shared_approvals']['connectionId']"
                              }
                            },
                            "body": {
                              "notificationUrl": "@{listCallbackUrl()}"
                            },
                            "path": "/approvals/@{encodeURIComponent(variables('ApprovalID'))}/subscriptions",
                            "authentication": {
                              "type": "Raw",
                              "value": "@json(decodeBase64(triggerOutputs().headers['X-MS-APIM-Tokens']))['$ConnectionKey']"
                            }
                          }
                        },
                        "Set_approval_complete": {
                          "runAfter": {
                            "Wait_for_an_approval_2": [
                              "Succeeded"
                            ]
                          },
                          "metadata": {
                            "operationMetadataId": "b14f9f70-fc5c-44f3-89d7-b789994b808f"
                          },
                          "type": "SetVariable",
                          "inputs": {
                            "name": "varApprovalComplete",
                            "value": "@true"
                          }
                        },
                        "Check_Approval_Outcome": {
                          "actions": {
                            "Set_Approval_status_to_Approved_2": {
                              "runAfter": {},
                              "metadata": {
                                "operationMetadataId": "fecbbf70-ab5e-4e4f-8a91-cac96f51d5d4"
                              },
                              "type": "OpenApiConnection",
                              "inputs": {
                                "host": {
                                  "connectionName": "shared_sharepointonline",
                                  "operationId": "HttpRequest",
                                  "apiId": "/providers/Microsoft.PowerApps/apis/shared_sharepointonline"
                                },
                                "parameters": {
                                  "dataset": "https://ppfonline.sharepoint.com/teams/d-team-playground",
                                  "parameters/method": "POST",
                                  "parameters/uri": "_api/web/lists/getbytitle('Controlled Documents')/items(@{triggerBody()?['entity']?['ID']})/validateUpdateListItem()",
                                  "parameters/body": "{\n\"formValues\":[{\"FieldName\": \"ApprovalStatus\", \"FieldValue\": \"Approved\"},{ \"FieldName\": \"NextReviewDate\", \"FieldValue\":\"@{addToTime(body('Wait_for_an_approval_2')?['completionDate'], int(body('Get_file_properties')?['ReviewFrequency']?['Value']), 'Month', 'dd/MM/yyyy HH:mm')}\"},{ \"FieldName\": \"LastApprovedDate\", \"FieldValue\":\"@{formatDateTime(outputs('Wait_for_an_approval_2')?['body/completionDate'], 'dd/MM/yyyy HH:mm')}\"}, {\"FieldName\": \"LastApprovedBy\", \"FieldValue\":\"[{'Key':'i:0#.f|membership|@{body('Wait_for_an_approval_2')?['responses']?[0]?['responder/email']}'}]\"},{\"FieldName\": \"LastApproverComments\", \"FieldValue\":\"@{body('Wait_for_an_approval_2')?['responses']?[0]?['comments']}\"},{\"FieldName\": \"Editor\",\n \"FieldValue\":\"[{'Key':'@{body('Get_file_properties')?['Editor']?['Claims']}'}]\"}\n],\n \"bNewDocumentUpdate\":false\n}"
                                },
                                "authentication": {
                                  "type": "Raw",
                                  "value": "@json(decodeBase64(triggerOutputs().headers['X-MS-APIM-Tokens']))['$ConnectionKey']"
                                }
                              }
                            },
                            "Publish_file_as_major_version": {
                              "runAfter": {
                                "Get_site_server_relative_url": [
                                  "Succeeded"
                                ]
                              },
                              "metadata": {
                                "operationMetadataId": "6fce1da2-92d7-4284-9f88-5232ed5009af",
                                "flowSystemMetadata": {
                                  "swaggerOperationId": "HttpRequest"
                                }
                              },
                              "type": "ApiConnection",
                              "inputs": {
                                "host": {
                                  "connection": {
                                    "name": "@json(decodeBase64(triggerOutputs().headers['X-MS-APIM-Tokens']))['$connections']['shared_sharepointonline']['connectionId']"
                                  }
                                },
                                "method": "post",
                                "body": {
                                  "method": "POST",
                                  "uri": "_api/web/GetFileByServerRelativePath(DecodedUrl='@{body('Get_site_server_relative_url')?['d']?['ServerRelativeUrl']}/@{body('Get_file_properties')?['{FullPath}']}')/publish('Published after being approved')",
                                  "headers": {
                                    "Accept": "application/json;odata=verbose",
                                    "Content-Type": "application/json;odata=verbose"
                                  }
                                },
                                "path": "/datasets/@{encodeURIComponent(encodeURIComponent('https://ppfonline.sharepoint.com/teams/d-team-playground'))}/httprequest",
                                "authentication": {
                                  "type": "Raw",
                                  "value": "@json(decodeBase64(triggerOutputs().headers['X-MS-APIM-Tokens']))['$ConnectionKey']"
                                }
                              }
                            },
                            "Get_site_server_relative_url": {
                              "runAfter": {
                                "Set_Approval_status_to_Approved_2": [
                                  "Succeeded"
                                ]
                              },
                              "metadata": {
                                "operationMetadataId": "bd335918-179c-428a-b971-50794ef8798f",
                                "flowSystemMetadata": {
                                  "swaggerOperationId": "HttpRequest"
                                }
                              },
                              "type": "ApiConnection",
                              "inputs": {
                                "host": {
                                  "connection": {
                                    "name": "@json(decodeBase64(triggerOutputs().headers['X-MS-APIM-Tokens']))['$connections']['shared_sharepointonline']['connectionId']"
                                  }
                                },
                                "method": "post",
                                "body": {
                                  "method": "GET",
                                  "uri": "/_api/web/ServerRelativeUrl",
                                  "headers": {
                                    "Accept": "application/json;odata=verbose",
                                    "Content-Type": "application/json;odata=verbose"
                                  }
                                },
                                "path": "/datasets/@{encodeURIComponent(encodeURIComponent('https://ppfonline.sharepoint.com/teams/d-team-playground'))}/httprequest",
                                "authentication": {
                                  "type": "Raw",
                                  "value": "@json(decodeBase64(triggerOutputs().headers['X-MS-APIM-Tokens']))['$ConnectionKey']"
                                }
                              }
                            },
                            "Convert_to_PDF": {
                              "runAfter": {
                                "Get_file_content_using_path": [
                                  "Succeeded"
                                ]
                              },
                              "metadata": {
                                "operationMetadataId": "9b0a0e9d-fa83-49e2-b73f-d41d1df078ae",
                                "flowSystemMetadata": {
                                  "swaggerOperationId": "BasicConversion"
                                }
                              },
                              "type": "ApiConnection",
                              "inputs": {
                                "host": {
                                  "connection": {
                                    "name": "@json(decodeBase64(triggerOutputs().headers['X-MS-APIM-Tokens']))['$connections']['shared_encodiandocumentmanager']['connectionId']"
                                  }
                                },
                                "method": "post",
                                "body": {
                                  "FileName": "@body('Get_file_properties')?['{FilenameWithExtension}']",
                                  "fileContent": "@{base64(body('Get_file_content_using_path'))}",
                                  "outputFilename": "@body('Get_file_properties')?['{FilenameWithExtension}']",
                                  "removeDocumentMarkup": true,
                                  "pdfaCompliance": false,
                                  "pdfaComplianceLevel": "PDF_A_2A",
                                  "GenerateBookmarks": true,
                                  "FinalOperation": true
                                },
                                "path": "/api/v1/Core/BasicConversion",
                                "authentication": {
                                  "type": "Raw",
                                  "value": "@json(decodeBase64(triggerOutputs().headers['X-MS-APIM-Tokens']))['$ConnectionKey']"
                                }
                              }
                            },
                            "Get_file_content_using_path": {
                              "runAfter": {
                                "Publish_file_as_major_version": [
                                  "Succeeded"
                                ]
                              },
                              "metadata": {
                                "operationMetadataId": "2ac82b98-4598-41d2-945b-cc80788bb9c7",
                                "flowSystemMetadata": {
                                  "swaggerOperationId": "GetFileContentByPath"
                                }
                              },
                              "type": "ApiConnection",
                              "inputs": {
                                "host": {
                                  "connection": {
                                    "name": "@json(decodeBase64(triggerOutputs().headers['X-MS-APIM-Tokens']))['$connections']['shared_sharepointonline']['connectionId']"
                                  }
                                },
                                "method": "get",
                                "path": "/datasets/@{encodeURIComponent(encodeURIComponent('https://ppfonline.sharepoint.com/teams/d-team-playground'))}/GetFileContentByPath",
                                "queries": {
                                  "path": "@body('Get_file_properties')?['{FullPath}']",
                                  "queryParametersSingleEncoded": true,
                                  "inferContentType": true
                                },
                                "authentication": {
                                  "type": "Raw",
                                  "value": "@json(decodeBase64(triggerOutputs().headers['X-MS-APIM-Tokens']))['$ConnectionKey']"
                                }
                              }
                            },
                            "Create_file": {
                              "runAfter": {
                                "Convert_to_PDF": [
                                  "Succeeded"
                                ]
                              },
                              "metadata": {
                                "operationMetadataId": "62aa1aa7-97e0-41fe-898d-3aadc40386d1",
                                "flowSystemMetadata": {
                                  "swaggerOperationId": "CreateFile"
                                }
                              },
                              "type": "ApiConnection",
                              "inputs": {
                                "host": {
                                  "connection": {
                                    "name": "@json(decodeBase64(triggerOutputs().headers['X-MS-APIM-Tokens']))['$connections']['shared_sharepointonline']['connectionId']"
                                  }
                                },
                                "method": "post",
                                "body": "@base64ToBinary(body('Convert_to_PDF')?['FileContent'])",
                                "path": "/datasets/@{encodeURIComponent(encodeURIComponent('https://ppfonline.sharepoint.com/teams/d-team-playground'))}/files",
                                "queries": {
                                  "folderPath": "/ControlledDocuments",
                                  "name": "@body('Convert_to_PDF')?['Filename']",
                                  "queryParametersSingleEncoded": true
                                },
                                "authentication": {
                                  "type": "Raw",
                                  "value": "@json(decodeBase64(triggerOutputs().headers['X-MS-APIM-Tokens']))['$ConnectionKey']"
                                }
                              },
                              "runtimeConfiguration": {
                                "contentTransfer": {
                                  "transferMode": "Chunked"
                                }
                              }
                            }
                          },
                          "runAfter": {
                            "Set_approval_complete": [
                              "Succeeded"
                            ]
                          },
                          "else": {
                            "actions": {
                              "Send_an_email_(V2)_to_reviewers_that_document_has_been_rejected": {
                                "runAfter": {
                                  "Set_Approval_status_to_In_Review": [
                                    "Succeeded"
                                  ]
                                },
                                "metadata": {
                                  "operationMetadataId": "fa7447e5-0d01-4b1a-aae9-e3116a17e78f"
                                },
                                "type": "OpenApiConnection",
                                "inputs": {
                                  "host": {
                                    "connectionName": "shared_office365",
                                    "operationId": "SendEmailV2",
                                    "apiId": "/providers/Microsoft.PowerApps/apis/shared_office365"
                                  },
                                  "parameters": {
                                    "emailMessage/To": "@body('Join_emails_of_reviewers')",
                                    "emailMessage/Subject": "Review documents ",
                                    "emailMessage/Body": "<p>Hi <br>\n<br>\nUnfortunately the document changes have been rejected. <br>\n<br>\nReview document from URL @{triggerBody()?['entity']?['itemUrl']} before sending the approval again.<br>\n<br>\nReject comments :&nbsp;@{outputs('Wait_for_an_approval_2')?['body/responses']?[0]?['comments']}</p>",
                                    "emailMessage/Importance": "Normal"
                                  },
                                  "authentication": {
                                    "type": "Raw",
                                    "value": "@json(decodeBase64(triggerOutputs().headers['X-MS-APIM-Tokens']))['$ConnectionKey']"
                                  }
                                }
                              },
                              "Set_Approval_status_to_In_Review": {
                                "runAfter": {},
                                "metadata": {
                                  "operationMetadataId": "fecbbf70-ab5e-4e4f-8a91-cac96f51d5d4"
                                },
                                "type": "OpenApiConnection",
                                "inputs": {
                                  "host": {
                                    "connectionName": "shared_sharepointonline",
                                    "operationId": "HttpRequest",
                                    "apiId": "/providers/Microsoft.PowerApps/apis/shared_sharepointonline"
                                  },
                                  "parameters": {
                                    "dataset": "https://ppfonline.sharepoint.com/teams/d-team-playground",
                                    "parameters/method": "POST",
                                    "parameters/uri": "_api/web/lists/getbytitle('Controlled Documents')/items(@{triggerBody()?['entity']?['ID']})/validateUpdateListItem()",
                                    "parameters/body": "{\n\"formValues\":[{\"FieldName\": \"ApprovalStatus\", \"FieldValue\": \"In-Review\"},{\"FieldName\": \"LastApprovedBy\", \"FieldValue\":\"[{'Key': 'i:0#.f|membership|@{outputs('Wait_for_an_approval_2')?['body/responses']?[0]?['responder/email']}'}]\"},{\"FieldName\": \"LastApproverComments\", \"FieldValue\":\"@{outputs('Wait_for_an_approval_2')?['body/responses']?[0]?['comments']}\"},{\"FieldName\": \"Editor\",\n \"FieldValue\":\"[{'Key':'@{body('Get_file_properties')?['Editor']?['Claims']}'}]\"}\n],\n \"bNewDocumentUpdate\":false\n}"
                                  },
                                  "authentication": {
                                    "type": "Raw",
                                    "value": "@json(decodeBase64(triggerOutputs().headers['X-MS-APIM-Tokens']))['$ConnectionKey']"
                                  }
                                }
                              }
                            }
                          },
                          "expression": {
                            "equals": [
                              "@body('Wait_for_an_approval_2')?['outcome']",
                              "Approve"
                            ]
                          },
                          "metadata": {
                            "operationMetadataId": "4ebaac13-9d16-4db8-9508-c788ee97d237"
                          },
                          "type": "If"
                        }
                      },
                      "runAfter": {
                        "Update_Status_to_Pending_Approval": [
                          "Succeeded"
                        ]
                      },
                      "expression": "@equals(variables('varApprovalComplete'), true)",
                      "limit": {
                        "count": 60,
                        "timeout": "PT1H"
                      },
                      "metadata": {
                        "operationMetadataId": "7104bee4-8cc4-427c-b307-24f818114911"
                      },
                      "type": "Until"
                    },
                    "Compose_reviewers": {
                      "runAfter": {
                        "Join_emails_of_approvers": [
                          "Succeeded"
                        ]
                      },
                      "metadata": {
                        "operationMetadataId": "0e4e666c-d603-4bab-b350-5e32a1f49bf7"
                      },
                      "type": "Compose",
                      "inputs": "@body('Get_file_properties')?['Reviewers']"
                    },
                    "Select_email_of_reviewers": {
                      "runAfter": {
                        "Compose_reviewers": [
                          "Succeeded"
                        ]
                      },
                      "metadata": {
                        "operationMetadataId": "6574a966-4f6c-4a28-a352-1dd3bb5f83d4"
                      },
                      "type": "Select",
                      "inputs": {
                        "from": "@outputs('Compose_reviewers')",
                        "select": "@item()?['Email']"
                      }
                    },
                    "Join_emails_of_reviewers": {
                      "runAfter": {
                        "Select_email_of_reviewers": [
                          "Succeeded"
                        ]
                      },
                      "metadata": {
                        "operationMetadataId": "6e6339fa-a405-41a4-83d5-1c74822f62e1"
                      },
                      "type": "Join",
                      "inputs": {
                        "from": "@body('Select_email_of_reviewers')",
                        "joinWith": ";"
                      }
                    },
                    "Delay": {
                      "runAfter": {
                        "Update_Status_to_Pending_Approval": [
                          "Succeeded"
                        ]
                      },
                      "metadata": {
                        "operationMetadataId": "75bc6161-8357-4746-93c9-40a4471549f8"
                      },
                      "type": "Wait",
                      "inputs": {
                        "interval": {
                          "count": 1,
                          "unit": "Minute"
                        }
                      }
                    },
                    "Handles_times_out_if_approval_does_not_happen_within_28_days__2": {
                      "actions": {
                        "Set_Approval_status_to_In_Review_2": {
                          "runAfter": {},
                          "metadata": {
                            "operationMetadataId": "fecbbf70-ab5e-4e4f-8a91-cac96f51d5d4"
                          },
                          "type": "OpenApiConnection",
                          "inputs": {
                            "host": {
                              "connectionName": "shared_sharepointonline",
                              "operationId": "HttpRequest",
                              "apiId": "/providers/Microsoft.PowerApps/apis/shared_sharepointonline"
                            },
                            "parameters": {
                              "dataset": "https://ppfonline.sharepoint.com/teams/d-team-playground",
                              "parameters/method": "POST",
                              "parameters/uri": "_api/web/lists/getbytitle('Controlled Documents')/items(@{triggerBody()?['entity']?['ID']})/validateUpdateListItem()",
                              "parameters/body": "{\n\"formValues\":[{\"FieldName\": \"ApprovalStatus\", \"FieldValue\": \"In-Review\"},{\"FieldName\": \"Editor\",\n \"FieldValue\":\"[{'Key':'@{body('Get_file_properties')?['Editor']?['Claims']}'}]\"}\n],\n \"bNewDocumentUpdate\":false\n}"
                            },
                            "authentication": {
                              "type": "Raw",
                              "value": "@json(decodeBase64(triggerOutputs().headers['X-MS-APIM-Tokens']))['$ConnectionKey']"
                            }
                          }
                        },
                        "Send_an_email_(V2)_to_reviewers_that_approval_task_has_timed_out": {
                          "runAfter": {
                            "Cancel_Approval": [
                              "Succeeded"
                            ]
                          },
                          "metadata": {
                            "operationMetadataId": "fa7447e5-0d01-4b1a-aae9-e3116a17e78f"
                          },
                          "type": "OpenApiConnection",
                          "inputs": {
                            "host": {
                              "connectionName": "shared_office365",
                              "operationId": "SendEmailV2",
                              "apiId": "/providers/Microsoft.PowerApps/apis/shared_office365"
                            },
                            "parameters": {
                              "emailMessage/To": "@body('Join_emails_of_reviewers')",
                              "emailMessage/Subject": "Review documents  and send for approval",
                              "emailMessage/Body": "<p>Hi<br>\n<br>\nUnfortunately the document changes have not been approved within the 29 days since the approval was sent.<br>\n<br>\nPlease review document from URL @{triggerBody()?['entity']?['itemUrl']} before sending the approval again.</p>",
                              "emailMessage/Importance": "Normal"
                            },
                            "authentication": {
                              "type": "Raw",
                              "value": "@json(decodeBase64(triggerOutputs().headers['X-MS-APIM-Tokens']))['$ConnectionKey']"
                            }
                          }
                        },
                        "Set_variable_2": {
                          "runAfter": {
                            "Send_an_email_(V2)_to_reviewers_that_approval_task_has_timed_out": [
                              "Succeeded"
                            ]
                          },
                          "metadata": {
                            "operationMetadataId": "144d8f5f-037f-42d6-9413-108216d6170d"
                          },
                          "type": "SetVariable",
                          "inputs": {
                            "name": "varApprovalComplete",
                            "value": "@true"
                          }
                        },
                        "Terminate_2": {
                          "runAfter": {
                            "Set_variable_2": [
                              "Succeeded"
                            ]
                          },
                          "metadata": {
                            "operationMetadataId": "45f39ce2-4812-4999-99c2-efc0933ea4c1"
                          },
                          "type": "Terminate",
                          "inputs": {
                            "runStatus": "Cancelled"
                          }
                        },
                        "Cancel_Approval": {
                          "runAfter": {
                            "Set_Approval_status_to_In_Review_2": [
                              "Succeeded"
                            ]
                          },
                          "metadata": {
                            "operationMetadataId": "8ce42654-9af9-4d99-bc6b-973c56ca2e5f"
                          },
                          "type": "OpenApiConnection",
                          "inputs": {
                            "host": {
                              "connectionName": "shared_commondataserviceforapps",
                              "operationId": "UpdateRecord",
                              "apiId": "/providers/Microsoft.PowerApps/apis/shared_commondataserviceforapps"
                            },
                            "parameters": {
                              "entityName": "msdyn_flow_approvals",
                              "recordId": "@variables('ApprovalID')",
                              "item/msdyn_flow_approval_stage": 192351000,
                              "item/msdyn_flow_approval_result": "Cancelled",
                              "item/msdyn_flow_approval_sendemail": true
                            },
                            "authentication": {
                              "type": "Raw",
                              "value": "@json(decodeBase64(triggerOutputs().headers['X-MS-APIM-Tokens']))['$ConnectionKey']"
                            }
                          }
                        }
                      },
                      "runAfter": {
                        "Delay": [
                          "Succeeded"
                        ]
                      },
                      "metadata": {
                        "operationMetadataId": "35d9bf22-503f-44be-8804-84c4b6c18957"
                      },
                      "type": "Scope"
                    }
                  },
                  "runAfter": {},
                  "expression": {
                    "not": {
                      "equals": [
                        "@outputs('Get_File_properties')['statusCode']",
                        404
                      ]
                    }
                  },
                  "metadata": {
                    "operationMetadataId": "20100af6-8c8b-44df-9025-f98cc7faa688"
                  },
                  "type": "If",
                  "description": "Conditional for error checking - if the statusCode is not equal to 404, it returns as Yes "
                }
              },
              "runAfter": {
                "Get_file_properties": [
                  "Succeeded"
                ]
              },
              "metadata": {
                "operationMetadataId": "9d61c534-05e4-4a93-8954-d2d88891adec"
              },
              "type": "Scope"
            }
          },
          "runAfter": {
            "Initialize_RespondLink": [
              "Succeeded"
            ]
          },
          "metadata": {
            "operationMetadataId": "84491dd9-b0f5-4b19-b6ce-d6185859336c"
          },
          "type": "Scope"
        },
        "Catch": {
          "actions": {
            "Filter_results_of_Try_scope": {
              "runAfter": {},
              "metadata": {
                "operationMetadataId": "c422ead8-22a9-4927-8ecc-2e7697795488"
              },
              "type": "Query",
              "inputs": {
                "from": "@result('Try')",
                "where": "@contains(createArray('Failed', 'TimedOut'), item()['status'])"
              }
            },
            "Send_an_email_-_Error": {
              "runAfter": {
                "Apply_to_each_result": [
                  "Succeeded"
                ]
              },
              "metadata": {
                "flowSystemMetadata": {
                  "swaggerOperationId": "SendEmailV2"
                },
                "operationMetadataId": "71968f81-6e5c-4786-abdd-ac03b51cb6d8"
              },
              "type": "ApiConnection",
              "inputs": {
                "host": {
                  "connection": {
                    "name": "@json(decodeBase64(triggerOutputs().headers['X-MS-APIM-Tokens']))['$connections']['shared_office365']['connectionId']"
                  }
                },
                "method": "post",
                "body": {
                  "To": "Reshmee.Auckloo@ppf.co.uk",
                  "Subject": "Send for approval - controlled documents :  - the  has failed\n",
                  "Body": "<p>Hi,<br>\n<br>\nSend for approval - controlled documents has failed because of @{variables('errorDetails')}<br>\n<br>\nThank you<br>\n<br>\nControlled Document Team<br>\n(Production Environment)</p>"
                },
                "path": "/v2/Mail",
                "authentication": {
                  "type": "Raw",
                  "value": "@json(decodeBase64(triggerOutputs().headers['X-MS-APIM-Tokens']))['$ConnectionKey']"
                }
              }
            },
            "Terminate": {
              "runAfter": {
                "Send_an_email_-_Error": [
                  "Succeeded"
                ]
              },
              "metadata": {
                "operationMetadataId": "daf23f10-3dd9-44cb-a855-3466352309c3"
              },
              "type": "Terminate",
              "inputs": {
                "runStatus": "Failed",
                "runError": {
                  "message": "@variables('errorDetails')"
                }
              }
            },
            "Apply_to_each_result": {
              "foreach": "@body('Filter_results_of_Try_scope')",
              "actions": {
                "Append_to_errorDetails_-_body": {
                  "runAfter": {},
                  "metadata": {
                    "operationMetadataId": "39986fab-3ba1-416a-9632-a53a14b5dd45"
                  },
                  "type": "AppendToStringVariable",
                  "inputs": {
                    "name": "ErrorDetails",
                    "value": "There was an issue with action @{items('Apply_to_each_result')['name']}\nStatus: @{items('Apply_to_each_result')['status']} \nCode: @{items('Apply_to_each_result')['code']}\nDetails\n-------------------------------\nStatus Code:  @{items('Apply_to_each_result')['outputs']['statusCode']}\nMessage: @{items('Apply_to_each_result')['outputs']['body']}\n------------------------------"
                  }
                },
                "Append_to_errorDetails_-_no_body": {
                  "runAfter": {
                    "Append_to_errorDetails_-_body": [
                      "Failed"
                    ]
                  },
                  "metadata": {
                    "operationMetadataId": "66df6c3e-ed14-4f1b-9df9-1562f4723531"
                  },
                  "type": "AppendToStringVariable",
                  "inputs": {
                    "name": "ErrorDetails",
                    "value": "There was an issue with action @{items('Apply_to_each_result')['name']}\nStatus: @{items('Apply_to_each_result')['status']} \nCode: @{items('Apply_to_each_result')['code']}\nDetails\n-------------------------------\nMessage: @{items('Apply_to_each_result')['error']}\n-------------------------------"
                  }
                }
              },
              "runAfter": {
                "Filter_results_of_Try_scope": [
                  "Succeeded"
                ]
              },
              "metadata": {
                "operationMetadataId": "d0379cdd-6106-4d2b-98d9-dcbb4345b20a"
              },
              "type": "Foreach"
            }
          },
          "runAfter": {
            "Try": [
              "Succeeded"
            ]
          },
          "metadata": {
            "operationMetadataId": "d570b6b0-8033-4283-a878-03d301a40d80"
          },
          "type": "Scope"
        }
      }
    },
    "templateName": null
  },
  "schemaVersion": "1.0.0.0"
}