{
  "properties": {
    "connectionReferences": {},
    "definition": {
      "$schema": "https://schema.management.azure.com/providers/Microsoft.Logic/schemas/2016-06-01/workflowdefinition.json#",
      "contentVersion": "1.0.0.0",
      "parameters": {
        "$authentication": {
          "defaultValue": {},
          "type": "SecureObject"
        },
        "$connections": {
          "defaultValue": {},
          "type": "Object"
        }
      },
      "triggers": {
        "Recurrence": {
          "recurrence": {
            "frequency": "Day",
            "interval": 1,
            "startTime": "2022-09-03T09:00:00Z"
          },
          "metadata": {
            "operationMetadataId": "058e86d7-8767-4913-9b8e-7f924aa33395"
          },
          "type": "Recurrence"
        }
      },
      "actions": {
        "Compose_Reminder_matrix": {
          "runAfter": {
            "Initialize_LibraryId": [
              "Succeeded"
            ]
          },
          "metadata": {
            "operationMetadataId": "233b79c1-9536-4ad2-98fc-f258a1d062f0"
          },
          "type": "Compose",
          "inputs": [
            {
              "ReviewFrequency": [
                12,
                18,
                24
              ],
              "DaysToRemind": [
                60,
                30,
                7,
                3,
                -1
              ],
              "SiteUrl": "@variables('SiteUrl')",
              "LibraryId": "@variables('LibraryId')",
              "Status": [
                "Approved",
                "In-Review"
              ],
              "OverDue": 0
            },
            {
              "ReviewFrequency": [
                6
              ],
              "DaysToRemind": [
                30,
                10,
                3,
                -1
              ],
              "SiteUrl": "@variables('SiteUrl')",
              "LibraryId": "@variables('LibraryId')",
              "Status": [
                "Approved",
                "In-Review"
              ],
              "OverDue": 0
            },
            {
              "ReviewFrequency": [
                3
              ],
              "DaysToRemind": [
                14,
                7,
                3,
                -1
              ],
              "SiteUrl": "@variables('SiteUrl')",
              "LibraryId": "@variables('LibraryId')",
              "Status": [
                "Approved",
                "In-Review"
              ],
              "OverDue": 0
            },
            {
              "ReviewFrequency": [
                0
              ],
              "DaysToRemind": [
                7
              ],
              "SiteUrl": "@variables('SiteUrl')",
              "LibraryId": "@variables('LibraryId')",
              "Status": [
                "Approved",
                "In-Review"
              ],
              "OverDue": 1
            }
          ]
        },
        "Initialize_SiteUrl": {
          "runAfter": {},
          "metadata": {
            "operationMetadataId": "eed2119b-a227-4952-96bd-db5a7d5b2804"
          },
          "type": "InitializeVariable",
          "inputs": {
            "variables": [
              {
                "name": "SiteUrl",
                "type": "string",
                "value": "https://ppfonline.sharepoint.com/teams/d-team-playground"
              }
            ]
          }
        },
        "Initialize_LibraryId": {
          "runAfter": {
            "Initialize_SiteUrl": [
              "Succeeded"
            ]
          },
          "metadata": {
            "operationMetadataId": "11e28982-3907-4c17-ad76-cbe737cf7682"
          },
          "type": "InitializeVariable",
          "inputs": {
            "variables": [
              {
                "name": "LibraryId",
                "type": "string",
                "value": "24b0a33d-c02f-4f47-94e9-b81764ac583a"
              }
            ]
          }
        },
        "Apply_to_each_reminder_matrix": {
          "foreach": "@outputs('Compose_Reminder_matrix')",
          "actions": {
            "Apply_to_each_Status": {
              "foreach": "@items('Apply_to_each_reminder_matrix')['Status']",
              "actions": {
                "Apply_to_each_days": {
                  "foreach": "@items('Apply_to_each_reminder_matrix')['DaysToRemind']",
                  "actions": {
                    "Apply_to_each_Frequency": {
                      "foreach": "@items('Apply_to_each_reminder_matrix')['ReviewFrequency']",
                      "actions": {
                        "Run_a_Child_Flow": {
                          "metadata": {
                            "operationMetadataId": "8d15942e-9dc5-4a9d-bfc8-c3a9cbaa1b1d"
                          },
                          "type": "Workflow",
                          "inputs": {
                            "host": {
                              "workflowReferenceName": "c18d3e7a-067e-ee11-8178-002248c6b301"
                            },
                            "body": {
                              "text": "@variables('SiteUrl')",
                              "number": "@items('Apply_to_each_days')",
                              "text_1": "@variables('LibraryId')",
                              "text_2": "@items('Apply_to_each_status')",
                              "number_1": "@items('Apply_to_each_frequency')",
                              "number_2": "@items('Apply_to_each_reminder_matrix')['OverDue']"
                            }
                          }
                        }
                      },
                      "metadata": {
                        "operationMetadataId": "ea00ab6d-535a-41e6-ad74-54925c04323d"
                      },
                      "type": "Foreach",
                      "runtimeConfiguration": {
                        "concurrency": {
                          "repetitions": 1
                        }
                      }
                    }
                  },
                  "metadata": {
                    "operationMetadataId": "42e39ea6-91da-4a09-84a4-0052b20a83a5"
                  },
                  "type": "Foreach",
                  "runtimeConfiguration": {
                    "concurrency": {
                      "repetitions": 1
                    }
                  }
                }
              },
              "metadata": {
                "operationMetadataId": "d29d1616-ff75-4769-9601-9fd9353e9d4b"
              },
              "type": "Foreach",
              "runtimeConfiguration": {
                "concurrency": {
                  "repetitions": 1
                }
              }
            }
          },
          "runAfter": {
            "Compose_Reminder_matrix": [
              "Succeeded"
            ]
          },
          "metadata": {
            "operationMetadataId": "87bacba3-1558-4828-8c82-0fa1a2c77fa9"
          },
          "type": "Foreach",
          "runtimeConfiguration": {
            "concurrency": {
              "repetitions": 1
            }
          }
        }
      }
    },
    "templateName": null
  },
  "schemaVersion": "1.0.0.0"
}