{
  "properties": {
    "connectionReferences": {
      "shared_office365": {
        "runtimeSource": "embedded",
        "connection": {
          "connectionReferenceLogicalName": "ppf_sharedoffice365_581f9"
        },
        "api": {
          "name": "shared_office365"
        }
      },
      "shared_sharepointonline": {
        "runtimeSource": "embedded",
        "connection": {
          "connectionReferenceLogicalName": "ppf_sharedsharepointonline_2400a"
        },
        "api": {
          "name": "shared_sharepointonline"
        }
      }
    },
    "definition": {
      "$schema": "https://schema.management.azure.com/providers/Microsoft.Logic/schemas/2016-06-01/workflowdefinition.json#",
      "contentVersion": "1.0.0.0",
      "parameters": {
        "$connections": {
          "defaultValue": {},
          "type": "Object"
        },
        "$authentication": {
          "defaultValue": {},
          "type": "SecureObject"
        }
      },
      "triggers": {
        "manual": {
          "splitOn": "@triggerBody()['rows']",
          "metadata": {
            "operationMetadataId": "06ee18b5-7e6d-485b-a0ef-894f6ec5edca"
          },
          "type": "Request",
          "kind": "ApiConnection",
          "inputs": {
            "schema": {
              "type": "object",
              "properties": {
                "rows": {
                  "type": "array",
                  "items": {
                    "type": "object",
                    "properties": {
                      "date": {
                        "title": "Last Approved Date",
                        "type": "string",
                        "format": "date",
                        "x-ms-dynamically-added": true,
                        "description": "Please enter or select a date (YYYY-MM-DD)",
                        "x-ms-content-hint": "DATE"
                      },
                      "email": {
                        "title": "Last Approver",
                        "type": "string",
                        "format": "email",
                        "x-ms-dynamically-added": true,
                        "description": "Please enter an e-mail address",
                        "x-ms-content-hint": "EMAIL"
                      },
                      "text": {
                        "title": "Last Approver Comments",
                        "type": "string",
                        "x-ms-dynamically-added": true,
                        "description": "Please enter your input",
                        "x-ms-content-hint": "TEXT"
                      }
                    },
                    "required": [
                      "date",
                      "email",
                      "text"
                    ]
                  }
                }
              },
              "required": [
                "rows"
              ]
            },
            "host": {
              "connection": {
                "name": "@parameters('$connections')['shared_sharepointonline']['connectionId']"
              }
            },
            "operationId": "ForASelectedFileHybridTrigger",
            "parameters": {
              "dataset": "https://ppfonline.sharepoint.com/teams/d-team-playground",
              "table": "24b0a33d-c02f-4f47-94e9-b81764ac583a"
            },
            "headersSchema": {
              "x-ms-user-email-encoded": {
                "title": "User email",
                "type": "string",
                "format": "byte",
                "x-ms-dynamically-added": false
              }
            }
          }
        }
      },
      "actions": {
        "Initialize_updateMetadata1_variable": {
          "runAfter": {},
          "metadata": {
            "operationMetadataId": "3e28f1c4-45b6-4708-ac80-210ab99e0800"
          },
          "type": "InitializeVariable",
          "inputs": {
            "variables": [
              {
                "name": "updateMetadata1",
                "type": "boolean",
                "value": "@false"
              }
            ]
          },
          "description": "Initializing the variable that gets changed to \"true\" when the SharePoint Library item has been successfully updated."
        },
        "Initialize_errorDetails": {
          "runAfter": {
            "Initialize_updateMetadata1_variable": [
              "Succeeded"
            ]
          },
          "metadata": {
            "operationMetadataId": "9bedf914-3949-45cc-b0c0-7742f44d4bc7"
          },
          "type": "InitializeVariable",
          "inputs": {
            "variables": [
              {
                "name": "errorDetails",
                "type": "string"
              }
            ]
          }
        },
        "Try": {
          "actions": {
            "Get_file_properties": {
              "runAfter": {},
              "metadata": {
                "operationMetadataId": "f4d80541-3bc5-4745-87fa-70a7b8579ef1"
              },
              "type": "OpenApiConnection",
              "inputs": {
                "host": {
                  "connectionName": "shared_sharepointonline",
                  "operationId": "GetFileItem",
                  "apiId": "/providers/Microsoft.PowerApps/apis/shared_sharepointonline"
                },
                "parameters": {
                  "dataset": "https://ppfonline.sharepoint.com/teams/d-team-playground",
                  "table": "24b0a33d-c02f-4f47-94e9-b81764ac583a",
                  "id": "@triggerBody()?['entity']?['ID']"
                },
                "authentication": {
                  "type": "Raw",
                  "value": "@json(decodeBase64(triggerOutputs().headers['X-MS-APIM-Tokens']))['$ConnectionKey']"
                }
              },
              "description": "Getting the file properties for the selected file for use later in the flow."
            },
            "Set_Approval_status_to_Approved": {
              "runAfter": {
                "Get_file_properties": [
                  "Succeeded"
                ]
              },
              "metadata": {
                "operationMetadataId": "fecbbf70-ab5e-4e4f-8a91-cac96f51d5d4"
              },
              "type": "OpenApiConnection",
              "inputs": {
                "host": {
                  "connectionName": "shared_sharepointonline",
                  "operationId": "HttpRequest",
                  "apiId": "/providers/Microsoft.PowerApps/apis/shared_sharepointonline"
                },
                "parameters": {
                  "dataset": "https://ppfonline.sharepoint.com/teams/d-team-playground",
                  "parameters/method": "POST",
                  "parameters/uri": "_api/web/lists/getbytitle('Controlled Documents')/items(@{triggerBody()?['entity']?['ID']})/validateUpdateListItem()",
                  "parameters/body": "{\n\"formValues\":[{\"FieldName\": \"ApprovalStatus\", \"FieldValue\": \"Approved\"},{ \"FieldName\": \"LastApprovedDate\", \"FieldValue\":\"@{formatDateTime(triggerBody()['date'], 'dd/MM/yyyy HH:mm')}\"},{ \"FieldName\": \"NextReviewDate\", \"FieldValue\":\"@{addToTime(triggerBody()['date'], int(outputs('Get_file_properties')?['body/ReviewFrequency']?['value']), 'Month', 'dd/MM/yyyy HH:mm')}\"},{\"FieldName\": \"LastApprovedBy\", \"FieldValue\":\"[{'Key':'i:0#.f|membership|@{triggerBody()['email']}'}]\"},{\"FieldName\": \"LastApproverComments\", \"FieldValue\":\"@{triggerBody()?['text']}\"},{\"FieldName\": \"Editor\",\n \"FieldValue\":\"[{'Key':'@{body('Get_file_properties')?['Editor']?['Claims']}'}]\"}],\n \"bNewDocumentUpdate\":false\n}"
                },
                "authentication": {
                  "type": "Raw",
                  "value": "@json(decodeBase64(triggerOutputs().headers['X-MS-APIM-Tokens']))['$ConnectionKey']"
                }
              }
            }
          },
          "runAfter": {
            "Initialize_errorDetails": [
              "Succeeded"
            ]
          },
          "metadata": {
            "operationMetadataId": "9d61c534-05e4-4a93-8954-d2d88891adec"
          },
          "type": "Scope"
        },
        "Catch": {
          "actions": {
            "Filter_results_of_Try_scope": {
              "runAfter": {},
              "metadata": {
                "operationMetadataId": "c422ead8-22a9-4927-8ecc-2e7697795488"
              },
              "type": "Query",
              "inputs": {
                "from": "@result('Try')",
                "where": "@contains(createArray('Failed', 'TimedOut'), item()['status'])"
              }
            },
            "Send_an_email_-_Error": {
              "runAfter": {
                "Apply_to_each_result": [
                  "Succeeded"
                ]
              },
              "metadata": {
                "flowSystemMetadata": {
                  "swaggerOperationId": "SendEmailV2"
                },
                "operationMetadataId": "71968f81-6e5c-4786-abdd-ac03b51cb6d8"
              },
              "type": "ApiConnection",
              "inputs": {
                "host": {
                  "connection": {
                    "name": "@json(decodeBase64(triggerOutputs().headers['X-MS-APIM-Tokens']))['$connections']['shared_office365']['connectionId']"
                  }
                },
                "method": "post",
                "body": {
                  "To": "Reshmee.Auckloo@ppf.co.uk",
                  "Subject": "Controlled Documents Set Selected file to Approved :  - has failed\n",
                  "Body": "<p>Hi,<br>\n<br>\nThe reminder &nbsp;has failed because of @{variables('errorDetails')}<br>\n<br>\nThank you<br>\n<br>\nControlled Documents Set Approved<br>\n(Production Environment)</p>"
                },
                "path": "/v2/Mail",
                "authentication": {
                  "type": "Raw",
                  "value": "@json(decodeBase64(triggerOutputs().headers['X-MS-APIM-Tokens']))['$ConnectionKey']"
                }
              }
            },
            "Terminate": {
              "runAfter": {
                "Send_an_email_-_Error": [
                  "Succeeded"
                ]
              },
              "metadata": {
                "operationMetadataId": "daf23f10-3dd9-44cb-a855-3466352309c3"
              },
              "type": "Terminate",
              "inputs": {
                "runStatus": "Failed",
                "runError": {
                  "message": "@variables('errorDetails')"
                }
              }
            },
            "Apply_to_each_result": {
              "foreach": "@body('Filter_results_of_Try_scope')",
              "actions": {
                "Append_to_errorDetails_-_body": {
                  "runAfter": {},
                  "metadata": {
                    "operationMetadataId": "39986fab-3ba1-416a-9632-a53a14b5dd45"
                  },
                  "type": "AppendToStringVariable",
                  "inputs": {
                    "name": "ErrorDetails",
                    "value": "There was an issue with action @{items('Apply_to_each_result')['name']}\nStatus: @{items('Apply_to_each_result')['status']} \nCode: @{items('Apply_to_each_result')['code']}\nDetails\n-------------------------------\nStatus Code:  @{items('Apply_to_each_result')['outputs']['statusCode']}\nMessage: @{items('Apply_to_each_result')['outputs']['body']}\n------------------------------"
                  }
                },
                "Append_to_errorDetails_-_no_body": {
                  "runAfter": {
                    "Append_to_errorDetails_-_body": [
                      "Failed"
                    ]
                  },
                  "metadata": {
                    "operationMetadataId": "66df6c3e-ed14-4f1b-9df9-1562f4723531"
                  },
                  "type": "AppendToStringVariable",
                  "inputs": {
                    "name": "ErrorDetails",
                    "value": "There was an issue with action @{items('Apply_to_each_result')['name']}\nStatus: @{items('Apply_to_each_result')['status']} \nCode: @{items('Apply_to_each_result')['code']}\nDetails\n-------------------------------\nMessage: @{items('Apply_to_each_result')['error']}\n-------------------------------"
                  }
                }
              },
              "runAfter": {
                "Filter_results_of_Try_scope": [
                  "Succeeded"
                ]
              },
              "metadata": {
                "operationMetadataId": "d0379cdd-6106-4d2b-98d9-dcbb4345b20a"
              },
              "type": "Foreach"
            }
          },
          "runAfter": {
            "Try": [
              "Failed",
              "TimedOut"
            ]
          },
          "metadata": {
            "operationMetadataId": "d570b6b0-8033-4283-a878-03d301a40d80"
          },
          "type": "Scope"
        }
      }
    },
    "templateName": ""
  },
  "schemaVersion": "1.0.0.0"
}