{
  "properties": {
    "connectionReferences": {
      "shared_office365": {
        "runtimeSource": "embedded",
        "connection": {
          "connectionReferenceLogicalName": "ppf_sharedoffice365_581f9"
        },
        "api": {
          "name": "shared_office365"
        }
      },
      "shared_sharepointonline_2": {
        "runtimeSource": "embedded",
        "connection": {
          "connectionReferenceLogicalName": "ppf_sharedsharepointonline_2400a"
        },
        "api": {
          "name": "shared_sharepointonline"
        }
      }
    },
    "definition": {
      "$schema": "https://schema.management.azure.com/providers/Microsoft.Logic/schemas/2016-06-01/workflowdefinition.json#",
      "contentVersion": "1.0.0.0",
      "parameters": {
        "$connections": {
          "defaultValue": {},
          "type": "Object"
        },
        "$authentication": {
          "defaultValue": {},
          "type": "SecureObject"
        }
      },
      "triggers": {
        "manual": {
          "metadata": {
            "operationMetadataId": "7f0df8fb-d84b-41ba-8c5c-f1ab69e218ff"
          },
          "type": "Request",
          "kind": "Button",
          "inputs": {
            "schema": {
              "type": "object",
              "properties": {
                "text": {
                  "title": "SiteUrl",
                  "type": "string",
                  "x-ms-dynamically-added": true,
                  "description": "Please enter your input",
                  "x-ms-content-hint": "TEXT"
                },
                "number": {
                  "title": "DaysToRemind",
                  "type": "number",
                  "x-ms-dynamically-added": true,
                  "description": "Please enter a number",
                  "x-ms-content-hint": "NUMBER"
                },
                "text_1": {
                  "title": "LibraryId",
                  "type": "string",
                  "x-ms-dynamically-added": true,
                  "description": "Please enter your input",
                  "x-ms-content-hint": "TEXT"
                },
                "text_2": {
                  "title": "Status",
                  "type": "string",
                  "x-ms-dynamically-added": true,
                  "description": "Please enter your input",
                  "x-ms-content-hint": "TEXT"
                },
                "number_1": {
                  "title": "ReviewFrequency",
                  "type": "number",
                  "x-ms-dynamically-added": true,
                  "description": "Please enter a number",
                  "x-ms-content-hint": "NUMBER"
                },
                "number_2": {
                  "title": "OverDue",
                  "type": "number",
                  "x-ms-dynamically-added": true,
                  "description": "Please enter a number",
                  "x-ms-content-hint": "NUMBER"
                }
              },
              "required": [
                "text",
                "number",
                "text_1",
                "text_2",
                "number_1",
                "number_2"
              ]
            },
            "headersSchema": {
              "x-ms-user-timestamp": {
                "title": "Timestamp",
                "type": "string",
                "x-ms-dynamically-added": false
              }
            }
          }
        }
      },
      "actions": {
        "Initialize_errorDetails": {
          "runAfter": {
            "Respond_to_a_PowerApp_or_flow": [
              "Succeeded"
            ]
          },
          "metadata": {
            "operationMetadataId": "9bedf914-3949-45cc-b0c0-7742f44d4bc7"
          },
          "type": "InitializeVariable",
          "inputs": {
            "variables": [
              {
                "name": "errorDetails",
                "type": "string"
              }
            ]
          }
        },
        "Initialize_EmailReminders": {
          "runAfter": {
            "Initialize_errorDetails": [
              "Succeeded"
            ]
          },
          "metadata": {
            "operationMetadataId": "328c20d6-cae5-407e-8595-f9de842af9ec"
          },
          "type": "InitializeVariable",
          "inputs": {
            "variables": [
              {
                "name": "EmailReminder",
                "type": "array",
                "value": []
              }
            ]
          }
        },
        "Initialize_Reviewer": {
          "runAfter": {
            "Initialize_EmailReminders": [
              "Succeeded"
            ]
          },
          "metadata": {
            "operationMetadataId": "0c5dfcbc-7940-42db-a8d0-e312352b3cb2"
          },
          "type": "InitializeVariable",
          "inputs": {
            "variables": [
              {
                "name": "Reviewers",
                "type": "array",
                "value": []
              }
            ]
          }
        },
        "Initialize_NotificationByReviewer": {
          "runAfter": {
            "Initialize_Reviewer": [
              "Succeeded"
            ]
          },
          "metadata": {
            "operationMetadataId": "b6a44014-547c-4349-8b22-3cda2e9515d5"
          },
          "type": "InitializeVariable",
          "inputs": {
            "variables": [
              {
                "name": "NotificationByReviewer",
                "type": "array",
                "value": []
              }
            ]
          }
        },
        "Initialize_CurrentReviewerGroup": {
          "runAfter": {
            "Initialize_NotificationByReviewer": [
              "Succeeded"
            ]
          },
          "metadata": {
            "operationMetadataId": "abf742f2-1d7b-46c6-8b17-069769e97122"
          },
          "type": "InitializeVariable",
          "inputs": {
            "variables": [
              {
                "name": "ReviewerGroup",
                "type": "object"
              }
            ]
          }
        },
        "Initialize_CurrentGroupEmailReminders": {
          "runAfter": {
            "Initialize_CurrentReviewerGroup": [
              "Succeeded"
            ]
          },
          "metadata": {
            "operationMetadataId": "b927ee23-11f9-4ad9-88ab-f29a34516fb2"
          },
          "type": "InitializeVariable",
          "inputs": {
            "variables": [
              {
                "name": "CurrentGroupEmailReminders",
                "type": "array",
                "value": []
              }
            ]
          }
        },
        "Initialize_SharePointListItems": {
          "runAfter": {
            "Initialize_CurrentGroupEmailReminders": [
              "Succeeded"
            ]
          },
          "metadata": {
            "operationMetadataId": "69ee83e2-6f3f-4b90-b8b0-add3f1068695"
          },
          "type": "InitializeVariable",
          "inputs": {
            "variables": [
              {
                "name": "SharePointListItems",
                "type": "array"
              }
            ]
          }
        },
        "Try": {
          "actions": {
            "Any_documents_due_for_notification": {
              "actions": {},
              "runAfter": {
                "Check_if_OverDue": [
                  "Succeeded"
                ]
              },
              "else": {
                "actions": {
                  "Apply_to_each_-_Iterate_through_all_items": {
                    "foreach": "@variables('SharePointListItems')",
                    "actions": {
                      "Parse_JSON_reviewers": {
                        "runAfter": {},
                        "metadata": {
                          "operationMetadataId": "e831fa3d-b2ab-48df-8ca3-1f79b2ec4c71"
                        },
                        "type": "ParseJson",
                        "inputs": {
                          "content": "@items('Apply_to_each_-_Iterate_through_all_items')?['Reviewers']",
                          "schema": {
                            "type": "array",
                            "items": {
                              "type": "object",
                              "properties": {
                                "@@odata.type": {
                                  "type": "string"
                                },
                                "Claims": {
                                  "type": "string"
                                },
                                "DisplayName": {
                                  "type": "string"
                                },
                                "Email": {
                                  "type": "string"
                                },
                                "Picture": {
                                  "type": "string"
                                },
                                "Department": {
                                  "type": "string"
                                },
                                "JobTitle": {
                                  "type": "string"
                                }
                              },
                              "required": [
                                "@@odata.type",
                                "Claims",
                                "DisplayName",
                                "Email",
                                "Picture",
                                "Department",
                                "JobTitle"
                              ]
                            }
                          }
                        }
                      },
                      "Apply_to_each_reviewers": {
                        "foreach": "@body('Parse_JSON_reviewers')",
                        "actions": {
                          "Append_to_array_variable": {
                            "runAfter": {},
                            "metadata": {
                              "operationMetadataId": "e61c5ce0-3f6f-4db4-989a-b84a8b298103"
                            },
                            "type": "AppendToArrayVariable",
                            "inputs": {
                              "name": "EmailReminder",
                              "value": {
                                "Reviewer": "@{items('Apply_to_each_reviewers')['Email']}",
                                "FileName": "@{items('Apply_to_each_-_Iterate_through_all_items')?['FileName']}",
                                "ItemUrl": "@{items('Apply_to_each_-_Iterate_through_all_items')?['Link']}",
                                "NextReviewDate": "@{formatDateTime(items('Apply_to_each_-_Iterate_through_all_items')?['NextReviewDate'], 'dd/MM/yyyy')}"
                              }
                            }
                          }
                        },
                        "runAfter": {
                          "Parse_JSON_reviewers": [
                            "Succeeded"
                          ]
                        },
                        "metadata": {
                          "operationMetadataId": "26ef70e6-4f2b-495c-b80e-af03c70787cd"
                        },
                        "type": "Foreach"
                      }
                    },
                    "runAfter": {},
                    "metadata": {
                      "operationMetadataId": "ca71b01a-2f9d-46f2-9554-8de82f000802"
                    },
                    "type": "Foreach"
                  },
                  "Apply_to_each_Email_Reminders": {
                    "foreach": "@variables('EmailReminder')",
                    "actions": {
                      "Condition": {
                        "actions": {
                          "Append_to_array_reviewers": {
                            "runAfter": {},
                            "metadata": {
                              "operationMetadataId": "1e331cdf-7cda-4d0b-aa63-eaa2d7372aac"
                            },
                            "type": "AppendToArrayVariable",
                            "inputs": {
                              "name": "Reviewers",
                              "value": "@item()['Reviewer']"
                            }
                          }
                        },
                        "runAfter": {},
                        "expression": {
                          "equals": [
                            "@contains(variables('Reviewers'), item()['Reviewer'])",
                            false
                          ]
                        },
                        "metadata": {
                          "operationMetadataId": "c275bb9e-de7c-48c7-83ca-6084128251da"
                        },
                        "type": "If"
                      }
                    },
                    "runAfter": {
                      "Apply_to_each_-_Iterate_through_all_items": [
                        "Succeeded"
                      ]
                    },
                    "metadata": {
                      "operationMetadataId": "605b8fa6-893e-46c3-b12f-f728f45230bc"
                    },
                    "type": "Foreach"
                  },
                  "Apply_to_each_Reviewer": {
                    "foreach": "@variables('Reviewers')",
                    "actions": {
                      "Set_Email_Reminders": {
                        "runAfter": {},
                        "metadata": {
                          "operationMetadataId": "3e1a0376-b864-46c2-9497-76019751814e"
                        },
                        "type": "SetVariable",
                        "inputs": {
                          "name": "CurrentGroupEmailReminders",
                          "value": []
                        }
                      },
                      "Apply_to_each_in_email_reminders": {
                        "foreach": "@variables('EmailReminder')",
                        "actions": {
                          "Check_if_reviewer_match": {
                            "actions": {
                              "Append_to_current_Email_Reminders_for_the_reviewer": {
                                "runAfter": {},
                                "metadata": {
                                  "operationMetadataId": "a2b3e488-6113-403b-b359-304001172277"
                                },
                                "type": "AppendToArrayVariable",
                                "inputs": {
                                  "name": "CurrentGroupEmailReminders",
                                  "value": {
                                    "FileName": "@{items('Apply_to_each_in_email_reminders')['FileName']}",
                                    "ItemUrl": "@{items('Apply_to_each_in_email_reminders')['ItemUrl']}",
                                    "NextReviewDate": "@{items('Apply_to_each_in_email_reminders')['NextReviewDate']}",
                                    "Reviewer": "@{items('Apply_to_each_Reviewer')}"
                                  }
                                }
                              }
                            },
                            "runAfter": {},
                            "expression": {
                              "equals": [
                                "@item()['Reviewer']",
                                "@items('Apply_to_each_Reviewer')"
                              ]
                            },
                            "metadata": {
                              "operationMetadataId": "bfa07b4e-8f52-4276-8404-9d5a2829b6db"
                            },
                            "type": "If"
                          }
                        },
                        "runAfter": {
                          "Set_Email_Reminders": [
                            "Succeeded"
                          ]
                        },
                        "metadata": {
                          "operationMetadataId": "74304724-8fd6-41d6-94b2-93f2f6de2e19"
                        },
                        "type": "Foreach"
                      },
                      "Create_HTML_table": {
                        "runAfter": {
                          "Select": [
                            "Succeeded"
                          ]
                        },
                        "metadata": {
                          "operationMetadataId": "49126c38-74a9-458b-9297-e16aee10b4f0"
                        },
                        "type": "Table",
                        "inputs": {
                          "from": "@body('Select')",
                          "format": "HTML"
                        }
                      },
                      "Send_an_email_(V2)_": {
                        "runAfter": {
                          "Compose_style": [
                            "Succeeded"
                          ]
                        },
                        "metadata": {
                          "operationMetadataId": "fa7447e5-0d01-4b1a-aae9-e3116a17e78f"
                        },
                        "type": "OpenApiConnection",
                        "inputs": {
                          "host": {
                            "connectionName": "shared_office365",
                            "operationId": "SendEmailV2",
                            "apiId": "/providers/Microsoft.PowerApps/apis/shared_office365"
                          },
                          "parameters": {
                            "emailMessage/To": "@items('Apply_to_each_Reviewer')",
                            "emailMessage/Subject": "@{triggerBody()['number']} @{if(equals(triggerBody()['number_2'], 1), 'OverDue','')} days reminder for controlled documents ",
                            "emailMessage/Body": "<p>There are some documents nearing reviewal date. &nbsp;Please click on the links for the documents to review and set in review.<br>\n@{outputs('Compose_style')}@{outputs('Compose_html')}<br>\n</p>",
                            "emailMessage/Importance": "Normal"
                          },
                          "authentication": {
                            "type": "Raw",
                            "value": "@json(decodeBase64(triggerOutputs().headers['X-MS-APIM-Tokens']))['$ConnectionKey']"
                          }
                        }
                      },
                      "Select": {
                        "runAfter": {
                          "Apply_to_each_in_email_reminders": [
                            "Succeeded"
                          ]
                        },
                        "metadata": {
                          "operationMetadataId": "c297951c-ed03-4a90-934e-1c1ca18e7153"
                        },
                        "type": "Select",
                        "inputs": {
                          "from": "@variables('CurrentGroupEmailReminders')",
                          "select": {
                            "File Name": " <a href=\"@{item()['ItemUrl']}\">@{item()['FileName']}</a>",
                            "Next Review Date": "@item()['NextReviewDate']"
                          }
                        }
                      },
                      "Compose_html": {
                        "runAfter": {
                          "Create_HTML_table": [
                            "Succeeded"
                          ]
                        },
                        "metadata": {
                          "operationMetadataId": "56b152f5-0700-4d2d-a75d-92887a0f23cb"
                        },
                        "type": "Compose",
                        "inputs": "@replace(replace(replace(replace(replace(body('Create_HTML_table'), '&lt;', '<'), '&gt;', '>'), '&amp;', '&'), '&#39;', '\"'), '&quot;', '\"')"
                      },
                      "Compose_style": {
                        "runAfter": {
                          "Compose_html": [
                            "Succeeded"
                          ]
                        },
                        "metadata": {
                          "operationMetadataId": "1a060b9d-9bc0-4b96-b6f9-2dcbbef71e52"
                        },
                        "type": "Compose",
                        "inputs": "<style>\ntable {\n  border: 1px solid #1C6EA4;\n  background-color: #EEEEEE;\n  width: 100%;\n  text-align: left;\n  border-collapse: collapse;\n}\ntable td, table th {\n  border: 1px solid #AAAAAA;\n  padding: 3px 2px;\n}\ntable tbody td {\n  font-size: 13px;\n}\ntable thead {\n  background: #1C6EA4;\n  border-bottom: 2px solid #444444;\n}\ntable thead th {\n  font-size: 15px;\n  font-weight: bold;\n  color: #FFFFFF;\n  border-left: 2px solid #D0E4F5;\n}\ntable thead th:first-child {\n  border-left: none;\n}\n</style>"
                      }
                    },
                    "runAfter": {
                      "Apply_to_each_Email_Reminders": [
                        "Succeeded"
                      ]
                    },
                    "metadata": {
                      "operationMetadataId": "211c5d53-4850-4a99-93f3-d2c9b66e2ca3"
                    },
                    "type": "Foreach"
                  }
                }
              },
              "expression": "@empty(variables('SharePointListItems'))",
              "metadata": {
                "operationMetadataId": "ff1fffe9-3aa5-40f9-ab04-32a41684a936"
              },
              "type": "If"
            },
            "Check_if_OverDue": {
              "actions": {
                "Today_+_x_days": {
                  "runAfter": {},
                  "metadata": {
                    "operationMetadataId": "2564c44b-2d7b-49c5-9677-6a81544ad6e5"
                  },
                  "type": "Compose",
                  "inputs": "@{addDays(utcnow(), int(triggerBody()?['number']), 'yyyy-MM-dd')} "
                },
                "x_Days_+_1": {
                  "runAfter": {
                    "Today_+_x_days": [
                      "Succeeded"
                    ]
                  },
                  "metadata": {
                    "operationMetadataId": "5027000a-5af1-43eb-a66d-528dd22e1fdd"
                  },
                  "type": "Compose",
                  "inputs": " @{addDays(outputs('Today_+_x_days'), 1, 'yyyy-MM-dd')}"
                },
                "Get_items_2": {
                  "runAfter": {
                    "x_Days_+_1": [
                      "Succeeded"
                    ]
                  },
                  "metadata": {
                    "operationMetadataId": "b7c3e8a5-8d21-401e-99a0-0713d92d8740"
                  },
                  "type": "OpenApiConnection",
                  "inputs": {
                    "host": {
                      "connectionName": "shared_sharepointonline_2",
                      "operationId": "GetFileItems",
                      "apiId": "/providers/Microsoft.PowerApps/apis/shared_sharepointonline"
                    },
                    "parameters": {
                      "dataset": "@triggerBody()['text']",
                      "table": "@triggerBody()['text_1']",
                      "$filter": "(NextReviewDate ge '@{outputs('Today_+_x_days')}') and (NextReviewDate lt '@{outputs('x_Days_+_1')}') and (ReviewFrequency eq '@{triggerBody()['number_1']}') and (ApprovalStatus eq '@{triggerBody()['text_2']}')"
                    },
                    "authentication": {
                      "type": "Raw",
                      "value": "@json(decodeBase64(triggerOutputs().headers['X-MS-APIM-Tokens']))['$ConnectionKey']"
                    }
                  }
                },
                "Save_items_in_Array": {
                  "foreach": "@outputs('Get_items_2')?['body/value']",
                  "actions": {
                    "Append_to_array_get_items": {
                      "runAfter": {},
                      "metadata": {
                        "operationMetadataId": "51ccd7c2-c98b-4b81-b173-c56bf4e2bcc7"
                      },
                      "type": "AppendToArrayVariable",
                      "inputs": {
                        "name": "SharePointListItems",
                        "value": {
                          "Id": "@items('Save_items_in_Array')?['Id']",
                          "Reviewers": "@items('Save_items_in_Array')?['Reviewers']",
                          "FileName": "@items('Save_items_in_Array')?['{FilenameWithExtension}']",
                          "Link": "@items('Save_items_in_Array')?['{Link}']",
                          "NextReviewDate": "@items('Save_items_in_Array')?['NextReviewDate']"
                        }
                      }
                    }
                  },
                  "runAfter": {
                    "Get_items_2": [
                      "Succeeded"
                    ]
                  },
                  "metadata": {
                    "operationMetadataId": "e98e6fab-95cb-400e-a196-65d3c6e80c6b"
                  },
                  "type": "Foreach"
                }
              },
              "runAfter": {},
              "else": {
                "actions": {
                  "Get_items_3": {
                    "runAfter": {},
                    "metadata": {
                      "operationMetadataId": "b7c3e8a5-8d21-401e-99a0-0713d92d8740"
                    },
                    "type": "OpenApiConnection",
                    "inputs": {
                      "host": {
                        "connectionName": "shared_sharepointonline_2",
                        "operationId": "GetFileItems",
                        "apiId": "/providers/Microsoft.PowerApps/apis/shared_sharepointonline"
                      },
                      "parameters": {
                        "dataset": "@triggerBody()['text']",
                        "table": "@triggerBody()['text_1']",
                        "$filter": " (NextReviewDate  lt  '@{addDays(utcnow(), -6, 'yyyy-MM-dd')}') and (ApprovalStatus eq '@{triggerBody()['text_2']}')"
                      },
                      "authentication": {
                        "type": "Raw",
                        "value": "@json(decodeBase64(triggerOutputs().headers['X-MS-APIM-Tokens']))['$ConnectionKey']"
                      }
                    }
                  },
                  "Apply_to_each": {
                    "foreach": "@outputs('Get_items_3')?['body/value']",
                    "actions": {
                      "Check_if_date_difference_in_days_is_divisible_by_x_frequency": {
                        "actions": {
                          "Append_to_array_get_items_4": {
                            "runAfter": {},
                            "metadata": {
                              "operationMetadataId": "5c9bcc15-b3e8-4a11-88f8-a699e759da29"
                            },
                            "type": "AppendToArrayVariable",
                            "inputs": {
                              "name": "SharePointListItems",
                              "value": {
                                "Id": "@items('Apply_to_each')?['Id']",
                                "Reviewers": "@items('Apply_to_each')?['Reviewers']",
                                "FileName": "@items('Apply_to_each')?['{FilenameWithExtension}']",
                                "Link": "@items('Apply_to_each')?['{Link}']",
                                "NextReviewDate": "@items('Apply_to_each')?['NextReviewDate']"
                              }
                            }
                          }
                        },
                        "runAfter": {},
                        "expression": {
                          "equals": [
                            "@mod(div(sub(ticks(utcNow()), ticks(items('Apply_to_each')?['NextReviewDate'])), 864000000000), triggerBody()?['number'])",
                            0
                          ]
                        },
                        "metadata": {
                          "operationMetadataId": "2534bb56-c2d5-45bd-9ebe-5b9da59fd7d3"
                        },
                        "type": "If",
                        "description": "mod(div(sub(ticks(utcNow()),ticks(items('Apply_to_each')?['NextReviewDate'])),864000000000),triggerBody()?['DaysToRemind']) or int(split(datedifference(items('Apply_to_each')?['NextReviewDate'],utcNow()),'.')[0]"
                      }
                    },
                    "runAfter": {
                      "Get_items_3": [
                        "Succeeded"
                      ]
                    },
                    "metadata": {
                      "operationMetadataId": "1d023fea-0941-4ccd-910d-06f128a090fd"
                    },
                    "type": "Foreach"
                  }
                }
              },
              "expression": {
                "equals": [
                  "@triggerBody()['number_2']",
                  0
                ]
              },
              "metadata": {
                "operationMetadataId": "aed06964-9960-42eb-baa3-5a8f527c787b"
              },
              "type": "If"
            }
          },
          "runAfter": {
            "Initialize_SharePointListItems": [
              "Succeeded"
            ]
          },
          "metadata": {
            "operationMetadataId": "103b0e86-1bb9-457b-9273-13576dc4f1a2"
          },
          "type": "Scope"
        },
        "Catch": {
          "actions": {
            "Filter_results_of_Try_scope": {
              "runAfter": {},
              "metadata": {
                "operationMetadataId": "c422ead8-22a9-4927-8ecc-2e7697795488"
              },
              "type": "Query",
              "inputs": {
                "from": "@result('Try')",
                "where": "@contains(createArray('Failed', 'TimedOut'), item()['status'])"
              }
            },
            "Terminate": {
              "runAfter": {
                "Apply_to_each_result": [
                  "Succeeded"
                ]
              },
              "metadata": {
                "operationMetadataId": "daf23f10-3dd9-44cb-a855-3466352309c3"
              },
              "type": "Terminate",
              "inputs": {
                "runStatus": "Failed",
                "runError": {
                  "message": "@variables('errorDetails')"
                }
              }
            },
            "Apply_to_each_result": {
              "foreach": "@body('Filter_results_of_Try_scope')",
              "actions": {
                "Append_to_errorDetails_-_body": {
                  "runAfter": {},
                  "metadata": {
                    "operationMetadataId": "39986fab-3ba1-416a-9632-a53a14b5dd45"
                  },
                  "type": "AppendToStringVariable",
                  "inputs": {
                    "name": "ErrorDetails",
                    "value": "There was an issue with action @{items('Apply_to_each_result')['name']}\nStatus: @{items('Apply_to_each_result')['status']} \nCode: @{items('Apply_to_each_result')['code']}\nDetails\n-------------------------------\nStatus Code:  @{items('Apply_to_each_result')['outputs']['statusCode']}\nMessage: @{items('Apply_to_each_result')['outputs']['body']}\n------------------------------"
                  }
                },
                "Append_to_errorDetails_-_no_body": {
                  "runAfter": {
                    "Append_to_errorDetails_-_body": [
                      "Failed"
                    ]
                  },
                  "metadata": {
                    "operationMetadataId": "66df6c3e-ed14-4f1b-9df9-1562f4723531"
                  },
                  "type": "AppendToStringVariable",
                  "inputs": {
                    "name": "ErrorDetails",
                    "value": "There was an issue with action @{items('Apply_to_each_result')['name']}\nStatus: @{items('Apply_to_each_result')['status']} \nCode: @{items('Apply_to_each_result')['code']}\nDetails\n-------------------------------\nMessage: @{items('Apply_to_each_result')['error']}\n-------------------------------"
                  }
                }
              },
              "runAfter": {
                "Filter_results_of_Try_scope": [
                  "Succeeded"
                ]
              },
              "metadata": {
                "operationMetadataId": "d0379cdd-6106-4d2b-98d9-dcbb4345b20a"
              },
              "type": "Foreach"
            },
            "Send_an_email_(V2)": {
              "runAfter": {
                "Terminate": [
                  "Succeeded"
                ]
              },
              "metadata": {
                "operationMetadataId": "2c703153-6fef-4cab-b51c-d1f8b3f12b48"
              },
              "type": "OpenApiConnection",
              "inputs": {
                "host": {
                  "connectionName": "shared_office365",
                  "operationId": "SendEmailV2",
                  "apiId": "/providers/Microsoft.PowerApps/apis/shared_office365"
                },
                "parameters": {
                  "emailMessage/To": "Reshmee.Auckloo@ppf.co.uk",
                  "emailMessage/Subject": "Controlled Documents Child Reminder :  - has failed",
                  "emailMessage/Body": "<p>Hi,<br>\n<br>\nThe reminder &nbsp;has failed because of @{variables('errorDetails')}<br>\n<br>\nThank you<br>\n<br>\nControlled Documents Child Reminder<br>\n(Production Environment)</p>",
                  "emailMessage/Importance": "Normal"
                },
                "authentication": {
                  "type": "Raw",
                  "value": "@json(decodeBase64(triggerOutputs().headers['X-MS-APIM-Tokens']))['$ConnectionKey']"
                }
              }
            }
          },
          "runAfter": {
            "Try": [
              "Failed",
              "TimedOut"
            ]
          },
          "metadata": {
            "operationMetadataId": "d570b6b0-8033-4283-a878-03d301a40d80"
          },
          "type": "Scope"
        },
        "Respond_to_a_PowerApp_or_flow": {
          "runAfter": {},
          "metadata": {
            "operationMetadataId": "a1dfc949-a1f2-4ede-a2e2-b6d0416477d5"
          },
          "type": "Response",
          "kind": "PowerApp",
          "inputs": {
            "statusCode": 200,
            "body": {
              "response": "Done"
            },
            "schema": {
              "type": "object",
              "properties": {
                "response": {
                  "title": "Response",
                  "x-ms-dynamically-added": true,
                  "type": "string"
                }
              }
            }
          }
        }
      }
    },
    "templateName": ""
  },
  "schemaVersion": "1.0.0.0"
}