{"name":"67027ca0-e4c7-42d0-be6a-8a7706bd79b7","id":"/providers/Microsoft.Flow/flows/67027ca0-e4c7-42d0-be6a-8a7706bd79b7","type":"Microsoft.Flow/flows","properties":{"apiId":"/providers/Microsoft.PowerApps/apis/shared_logicflows","displayName":"D - Staff Attendances : Data Import","definition":{"metadata":{"workflowEntityId":null,"processAdvisorMetadata":null,"flowChargedByPaygo":null,"flowclientsuspensionreason":"None","flowclientsuspensiontime":null,"flowclientsuspensionreasondetails":null,"creator":{"id":"78d6253a-35f4-404d-aca2-23b610c55204","type":"User","tenantId":"6d0f5fa7-7e4f-417d-a8fe-07682da182e8"},"provisioningMethod":"FromDefinition","failureAlertSubscription":true,"clientLastModifiedTime":"2024-08-01T10:31:18.0269494Z","connectionKeySavedTimeKey":"2024-08-01T10:31:18.0269494Z"},"$schema":"https://schema.management.azure.com/providers/Microsoft.Logic/schemas/2016-06-01/workflowdefinition.json#","contentVersion":"1.0.0.0","parameters":{"$connections":{"defaultValue":{},"type":"Object"},"$authentication":{"defaultValue":{},"type":"SecureObject"}},"triggers":{"When_a_file_is_created_(properties_only)":{"recurrence":{"frequency":"Minute","interval":1},"splitOn":"@triggerOutputs()?['body/value']","metadata":{"operationMetadataId":"a702c11b-eafb-4939-98ae-917256578a43"},"type":"OpenApiConnection","inputs":{"host":{"apiId":"/providers/Microsoft.PowerApps/apis/shared_sharepointonline","connectionName":"shared_sharepointonline","operationId":"GetOnNewFileItems"},"parameters":{"dataset":"https://ppfonline.sharepoint.com/teams/d-team-playground","table":"78407204-7e1d-4567-be22-e3f3de039cea","folderPath":"/Shared Documents/Staff Attendances/To Be Processed"},"authentication":"@parameters('$authentication')"}}},"actions":{"Initialize_Error":{"runAfter":{},"metadata":{"operationMetadataId":"621285a0-4852-4e3f-835a-2404d7398456"},"type":"InitializeVariable","inputs":{"variables":[{"name":"ErrorDetails","type":"string"}]}},"Catch":{"actions":{"Terminate":{"runAfter":{"Send_an_email_-_Failure":["Succeeded"]},"metadata":{"operationMetadataId":"1313df1b-03e3-4113-aefb-a2be8320f34c"},"type":"Terminate","inputs":{"runStatus":"Failed","runError":{"message":"@variables('errorDetails')"}}},"Send_an_email_-_Failure":{"runAfter":{"Apply_to_each_result":["Succeeded"]},"metadata":{"flowSystemMetadata":{"swaggerOperationId":"SendEmailV2"},"operationMetadataId":"66c9a113-7b98-44ba-8653-0c718aa5297a"},"type":"ApiConnection","inputs":{"host":{"connection":{"name":"@parameters('$connections')['shared_office365']['connectionId']"},"api":{"runtimeUrl":"https://uk-001.azure-apim.net/apim/office365"}},"method":"post","body":{"To":"Reshmee.Auckloo@ppf.co.uk","Subject":"staff attendance - the @{triggerBody()?['{Name}']}is failed to import","Body":"<p>Hi,<br>\n<br>\nThe @{triggerBody()?['{Name}']} is failed to import due to @{variables('errorDetails')}<br>\n<br>\nThank you<br>\n<br>\nSystem Admin<br>\n(Playground Team Site)</p>"},"path":"/v2/Mail","authentication":"@parameters('$authentication')"}},"Filter_results_of_Try_scope":{"runAfter":{},"metadata":{"operationMetadataId":"8c42d0c3-346f-4afd-98b3-c99b6f550904"},"type":"Query","inputs":{"from":"@result('Try')","where":"@contains(createArray('Failed', 'TimedOut'), item()['status'])"}},"Apply_to_each_result":{"foreach":"@body('Filter_results_of_Try_scope')","actions":{"Append_to_errorDetails_-_body":{"runAfter":{},"metadata":{"operationMetadataId":"1294c12e-9a58-4475-98e3-61561593ebcf"},"type":"AppendToStringVariable","inputs":{"name":"ErrorDetails","value":"There was an issue with action @{items('Apply_to_each_result')['name']}\nStatus: @{items('Apply_to_each_result')['status']} \nCode: @{items('Apply_to_each_result')['code']}\nDetails\n-------------------------------\nStatus Code:  @{items('Apply_to_each_result')['outputs']['statusCode']}\nMessage: @{items('Apply_to_each_result')['outputs']['body']}\n------------------------------"}},"Append_to_errorDetails_-_no_body":{"runAfter":{"Append_to_errorDetails_-_body":["Failed"]},"metadata":{"operationMetadataId":"2b857525-d560-43c7-8138-5960c37ca664"},"type":"AppendToStringVariable","inputs":{"name":"ErrorDetails","value":"There was an issue with action @{items('Apply_to_each_result')['name']}\nStatus: @{items('Apply_to_each_result')['status']} \nCode: @{items('Apply_to_each_result')['code']}\nDetails\n-------------------------------\nMessage: @{items('Apply_to_each_result')['error']}\n-------------------------------"}}},"runAfter":{"Filter_results_of_Try_scope":["Succeeded"]},"metadata":{"operationMetadataId":"b29f9f43-cf29-46d0-979b-e5f520eddc92"},"type":"Foreach"}},"runAfter":{"Try":["Failed"]},"metadata":{"operationMetadataId":"ae65d465-d096-4641-8542-f946832e378d"},"type":"Scope"},"Try":{"actions":{"Create_table":{"runAfter":{},"metadata":{"operationMetadataId":"765d8c7d-1a45-4921-a3b1-377db923f5b9","tableId":null},"type":"OpenApiConnection","inputs":{"host":{"apiId":"/providers/Microsoft.PowerApps/apis/shared_excelonlinebusiness","connectionName":"shared_excelonlinebusiness","operationId":"CreateTable"},"parameters":{"source":"sites/ppfonline.sharepoint.com,33d001b4-43a9-4157-b299-04be50522a03,38a57c84-5ab6-4b1f-b863-467261570f98","drive":"b!tAHQM6lDV0GymQS-UFIqA4R8pTi2Wh9LuGNGcmFXD5gEckB4HX5nRb4i4_PeA5zq","file":"@triggerBody()?['{Identifier}']","table/Range":"=OFFSET(Sheet1!A1,0,0,SUBTOTAL(103,Sheet1!$A:$A),3)","table/TableName":"Sheet1"},"authentication":"@parameters('$authentication')"}},"List_rows_present_in_a_table":{"runAfter":{"Create_table":["Succeeded","Failed"]},"metadata":{"operationMetadataId":"488e1614-7fab-4417-b6e8-35674aedf104","tableId":"@'Sheet1'"},"type":"OpenApiConnection","inputs":{"host":{"apiId":"/providers/Microsoft.PowerApps/apis/shared_excelonlinebusiness","connectionName":"shared_excelonlinebusiness","operationId":"GetItems"},"parameters":{"source":"groups/4b093541-cc16-4e11-9350-596b418bc677","drive":"b!tAHQM6lDV0GymQS-UFIqA4R8pTi2Wh9LuGNGcmFXD5gEckB4HX5nRb4i4_PeA5zq","file":"@triggerBody()?['{Identifier}']","table":"@'Sheet1'","dateTimeFormat":"ISO 8601"},"authentication":"@parameters('$authentication')"}},"Apply_to_each":{"foreach":"@outputs('List_rows_present_in_a_table')?['body/value']","actions":{"Create_item":{"runAfter":{},"metadata":{"flowSystemMetadata":{"swaggerOperationId":"PostItem"},"operationMetadataId":"869dbf36-1475-47a8-93f7-c4c5d0b69b08"},"type":"ApiConnection","inputs":{"host":{"connection":{"name":"@parameters('$connections')['shared_sharepointonline']['connectionId']"},"api":{"runtimeUrl":"https://uk-001.azure-apim.net/apim/sharepointonline"}},"method":"post","body":{"Title":"@{item()?['Staff Name']}","AttendanceDate":"@{item()?['Attendance Date']}","OfficeLocation":{"Value":"@{item()?['Office Location']}"}},"path":"/datasets/@{encodeURIComponent(encodeURIComponent('https://ppfonline.sharepoint.com/teams/d-team-playground'))}/tables/@{encodeURIComponent(encodeURIComponent('670ae92f-8f60-4dfb-bda0-ae92b97abb55'))}/items","authentication":"@parameters('$authentication')"}}},"runAfter":{"List_rows_present_in_a_table":["Succeeded"]},"metadata":{"operationMetadataId":"dac82803-f3db-4acc-af12-0de54ba97974"},"type":"Foreach"},"Send_an_HTTP_request_to_SharePoint_-_Move_file":{"runAfter":{"Apply_to_each":["Succeeded"]},"metadata":{"operationMetadataId":"a841b4d7-e4eb-4a43-b46b-fbbe11423ad7","flowSystemMetadata":{"swaggerOperationId":"HttpRequest"}},"type":"ApiConnection","inputs":{"host":{"connection":{"name":"@parameters('$connections')['shared_sharepointonline']['connectionId']"},"api":{"runtimeUrl":"https://uk-001.azure-apim.net/apim/sharepointonline"}},"method":"post","body":{"method":"POST","uri":"_api/site/CreateCopyJobs","headers":{"Accept":"application/json; odata=nometadata","Content-Type":"application/json; odata=nometadata"},"body":"{\"exportObjectUris\":[\"https://ppfonline.sharepoint.com/teams/d-team-playground/@{triggerOutputs()?['body/{FullPath}']}\"],\"destinationUri\":\"https://ppfonline.sharepoint.com/teams/d-team-playground/Shared Documents/Staff Attendances/Completed\",\"options\":{\"IgnoreVersionHistory\":true,\"AllowSchemaMismatch\":true,\"BypassSharedLock\":true,\"IsMoveMode\":true,\"IncludeItemPermissions\":true,\"SameWebCopyMoveOptimization\":true}}"},"path":"/datasets/@{encodeURIComponent(encodeURIComponent('https://ppfonline.sharepoint.com/teams/d-team-playground'))}/httprequest","authentication":"@parameters('$authentication')"}}},"runAfter":{"Initialize_FileReady":["Succeeded"]},"metadata":{"operationMetadataId":"5e7b30a5-bc20-4a28-874f-6c6591e9e31a"},"type":"Scope"},"Initialize_FileReady":{"runAfter":{"Initialize_Error":["Succeeded"]},"metadata":{"operationMetadataId":"92759c99-2adf-4f07-8f81-268d5b4a9471"},"type":"InitializeVariable","inputs":{"variables":[{"name":"FileReady","type":"boolean"}]}}},"outputs":{}},"connectionReferences":{"shared_office365":{"connectionName":"f1af721413d545539af0a22a9c5e3137","source":"Embedded","id":"/providers/Microsoft.PowerApps/apis/shared_office365","tier":"NotSpecified"},"shared_sharepointonline":{"connectionName":"0b7dfc2020ae49888921994c0a8f8b41","source":"Embedded","id":"/providers/Microsoft.PowerApps/apis/shared_sharepointonline","tier":"NotSpecified"},"shared_excelonlinebusiness":{"connectionName":"03cec23c1f6c49178ee6364cb23cdc02","source":"Embedded","id":"/providers/Microsoft.PowerApps/apis/shared_excelonlinebusiness","tier":"NotSpecified"}},"flowFailureAlertSubscribed":false,"isManaged":false}}